"r_loan_id";"fpd7";"fpd30"
112731;0;0
116028;0;0
112758;0;0
130302;0;0
112742;1;0
106899;0;0
100690;0;0
100731;0;0
114305;0;0
112747;0;0
100706;0;0
100707;0;0
100732;0;0
100710;0;0
143949;;
100725;0;0
120311;0;0
103619;0;0
112762;0;0
114238;0;0
127460;0;0
100771;0;0
116712;0;0
114241;0;0
100726;0;0
100764;0;0
112771;0;0
103601;0;0
100759;0;0
116710;0;0
103620;0;0
103595;0;0
100774;0;0
116700;0;0
116711;0;0
138917;;
103602;0;0
103625;0;0
103607;0;0
112779;1;0
112780;0;0
104685;1;1
112784;0;0
116713;0;0
112785;0;0
103634;0;0
100832;0;0
120316;0;0
100792;0;0
103616;0;0
100791;0;0
112788;0;0
114298;0;0
114257;0;0
100786;0;0
100794;0;0
103611;0;0
127467;0;0
123345;0;0
112772;0;0
100809;0;0
100814;0;0
100808;0;0
100840;0;0
103628;0;0
100818;0;0
100819;0;0
103636;0;0
100830;0;0
134790;0;0
138919;;
103624;0;0
112798;0;0
108651;0;0
100827;0;0
100826;0;0
103642;0;0
112805;0;0
103639;0;0
100845;0;0
100854;0;0
103655;0;0
100846;0;0
108655;0;0
112802;0;0
100838;0;0
106960;0;0
103635;0;0
103627;0;0
112804;0;0
103633;0;0
103648;0;0
100847;0;0
127471;0;0
120320;0;0
106955;0;0
105393;0;0
114280;0;0
100873;0;0
103660;0;0
103668;0;0
137100;0;
114294;0;0
100869;0;0
120321;0;0
100879;0;0
103666;0;0
100883;0;0
106963;0;0
103664;0;0
103681;0;0
108663;0;0
112813;0;0
100896;0;0
108712;0;0
106994;0;0
100857;0;0
114276;0;0
103686;0;0
112818;0;0
100881;0;0
117985;0;0
103684;0;0
100880;0;0
100908;0;0
138923;0;
103690;0;0
100924;0;0
112820;0;0
112823;0;0
105394;1;0
100911;0;0
105407;0;0
105401;0;0
112827;0;0
108673;0;0
138925;;
105409;0;0
120326;0;0
100935;0;0
105420;0;0
106981;0;0
103719;0;0
105418;0;0
116726;0;0
132033;0;
100933;0;0
141201;;
100947;0;0
100745;0;0
100945;0;0
100934;0;0
143958;;
103745;0;0
103727;0;0
107001;0;0
106990;0;0
100967;0;0
100944;0;0
100953;0;0
103735;0;0
100946;0;0
106987;0;0
100942;0;0
103739;0;0
108688;0;0
105449;1;1
105453;0;0
108690;0;0
100963;0;0
112585;0;0
100965;0;0
100960;0;0
103744;0;0
114304;0;0
108696;0;0
114354;0;0
105439;0;0
105454;0;0
106992;0;0
108693;0;0
120330;0;0
114316;0;0
116741;0;0
114310;0;0
114312;0;0
105458;0;0
106998;0;0
103758;0;0
134791;0;0
103774;0;0
103759;0;0
106999;0;0
141203;;
103775;0;0
103762;0;0
103778;0;0
103768;0;0
103760;0;0
114320;0;0
105451;0;0
103776;0;0
105414;0;0
103779;0;0
107004;0;0
103780;0;0
120333;0;0
107021;0;0
114329;0;0
103794;0;0
106958;0;0
116738;0;0
114328;0;0
105472;0;0
105456;0;0
103797;0;0
106959;0;0
105445;0;0
114344;0;0
103784;0;0
117999;0;0
107024;0;0
148506;;
107020;0;0
114357;0;0
107019;0;0
107028;0;0
107023;0;0
114361;0;0
105478;0;0
103804;0;0
105104;0;0
114346;0;0
107025;0;0
103811;0;0
105494;0;0
108709;0;0
114343;0;0
107058;0;0
118002;0;0
103809;0;0
105473;0;0
134805;1;0
108748;0;0
103803;0;0
143963;;
114365;0;0
103820;0;0
118003;0;0
103796;0;0
105485;0;0
114349;0;0
114348;0;0
108692;0;0
105486;1;0
107027;0;0
103823;0;0
103826;0;0
103835;0;0
103828;0;0
103830;0;0
107022;0;0
107044;0;0
107041;0;0
107033;0;0
105490;0;0
103841;0;0
108730;0;0
103837;0;0
107043;0;0
114366;0;0
107034;0;0
105190;0;0
103839;0;0
107062;0;0
103843;0;0
103842;0;0
108719;0;0
108720;0;0
105483;0;0
114390;0;0
107047;0;0
107040;0;0
107064;0;0
105498;0;0
114374;0;0
105511;0;0
105519;0;0
108728;0;0
108723;0;0
108727;0;0
116751;0;0
143964;;
138952;;
105503;0;0
105507;0;0
105504;0;0
107049;0;0
114383;0;0
143965;;
114368;0;0
107055;0;0
107051;0;0
107053;0;0
107052;0;0
107002;0;0
107056;0;0
108740;0;0
107088;0;0
114380;0;0
114384;0;0
105523;0;0
103086;1;0
105520;0;0
114382;0;0
114394;0;0
116755;0;0
105531;0;0
114387;0;0
148510;;
107072;0;0
107069;0;0
114388;0;0
107071;0;0
105533;0;0
108743;0;0
138942;;
108735;0;0
105535;0;0
105539;0;0
107084;0;0
114408;0;0
114410;0;0
107081;0;0
107087;0;0
107086;0;0
107080;0;0
108757;0;0
102194;0;0
107090;0;0
107097;0;0
107099;0;0
107091;0;0
137110;0;
114414;0;0
114423;0;0
107115;0;0
107129;0;0
107155;0;0
138944;0;
114424;0;0
107105;0;0
107106;0;0
107113;0;0
108770;0;0
107107;0;0
105550;0;0
138945;1;
114436;0;0
105576;0;0
107110;0;0
107118;0;0
105589;0;0
105588;0;0
108788;0;0
110302;0;0
102187;0;0
105584;0;0
102179;0;0
127493;0;0
107133;0;0
105591;0;0
117989;0;0
114441;0;0
117995;0;0
107131;0;0
105600;0;0
102193;0;0
114480;0;0
107144;0;0
102171;0;0
108810;0;0
102188;0;0
102196;0;0
114453;0;0
114452;0;0
102222;0;0
108784;0;0
107139;0;0
108782;0;0
105626;0;0
102220;0;0
107152;0;0
117977;0;0
108806;0;0
107143;0;0
110819;0;0
148518;;
102219;0;0
102218;0;0
114479;0;0
107111;0;0
107114;0;0
102223;0;0
102227;0;0
107156;0;0
114470;0;0
107154;0;0
110823;0;0
127513;0;0
102255;1;0
108799;0;0
107161;0;0
107166;0;0
107167;0;0
105641;0;0
102258;0;0
114466;0;0
105640;0;0
105635;0;0
114488;0;0
105642;0;0
102199;0;0
102248;0;0
114490;0;0
102262;1;0
101012;0;0
102265;0;0
102249;0;0
110836;0;0
102290;0;0
102267;0;0
102280;0;0
107174;0;0
108809;0;0
107179;0;0
107175;0;0
107194;0;0
102277;0;0
108839;0;0
108814;0;0
107178;0;0
110839;0;0
114491;0;0
102284;0;0
148525;;
110840;0;0
103693;0;0
114505;0;0
123408;1;0
110875;0;0
114501;0;0
114508;0;0
107186;0;0
114516;0;0
110845;0;0
101052;0;0
102313;0;0
107187;0;0
102300;0;0
102323;0;0
114504;0;0
143977;;
118028;0;0
107190;0;0
101059;0;0
116789;0;0
101053;0;0
114515;0;0
116797;0;0
107198;0;0
107203;0;0
114523;0;0
114517;0;0
107205;0;0
108841;0;0
101032;0;0
102315;0;0
102322;0;0
102317;0;0
102314;0;0
102307;0;0
110867;0;0
114520;0;0
108825;0;0
114525;0;0
101040;0;0
108837;0;0
116786;0;0
114526;1;0
101056;0;0
101035;0;0
101050;0;0
101036;0;0
102362;0;0
127490;0;0
116799;0;0
101034;0;0
110871;0;0
102327;0;0
101031;0;0
107212;0;0
107216;0;0
102352;0;0
108840;0;0
110891;0;0
102330;0;0
110879;0;0
108842;0;0
107221;0;0
102340;0;0
107223;0;0
101094;0;0
102359;0;0
102354;0;0
101103;1;0
102353;0;0
102357;0;0
102358;0;0
101105;0;0
106733;0;0
101107;0;0
110900;0;0
143980;;
101115;0;0
102360;0;0
102369;0;0
102363;0;0
101131;0;0
101128;0;0
101121;0;0
108847;0;0
118037;0;0
99415;0;0
108845;0;0
134437;0;
102348;0;0
102345;0;0
110910;0;0
99343;0;0
99374;0;0
101136;0;0
106768;0;0
108861;0;0
99366;0;0
101130;0;0
143981;;
102375;0;0
134809;0;
99426;0;0
102380;0;0
102372;0;0
108882;0;0
108865;0;0
108874;0;0
110913;0;0
102373;0;0
102386;0;0
99401;0;0
102374;0;0
101114;0;0
102382;0;0
102390;0;0
102406;0;0
99414;0;0
103309;0;0
106605;0;0
103462;0;0
106774;0;0
99499;0;0
99482;0;0
102379;0;0
102384;0;0
102388;0;0
106624;0;0
102389;0;0
102378;0;0
101147;0;0
99502;0;0
101168;0;0
101011;0;0
108871;0;0
102395;0;0
103250;0;0
103304;1;0
108907;0;0
108912;0;0
120388;0;0
108877;0;0
108867;0;0
102423;0;0
102399;0;0
101177;0;0
102400;0;0
102402;0;0
102432;0;0
101181;0;0
101188;0;0
102411;0;0
102419;0;0
102398;0;0
108896;0;0
108883;0;0
123409;0;0
101180;0;0
102444;0;0
101178;0;0
101187;0;0
102427;0;0
102448;0;0
102445;0;0
102420;0;0
102428;0;0
103381;0;0
102435;0;0
103383;0;0
101253;0;0
101209;0;0
102413;0;0
102437;0;0
101264;0;0
103378;1;0
101222;0;0
106457;0;0
102436;0;0
102439;0;0
101240;0;0
102434;0;0
102425;0;0
108894;0;0
127539;0;0
109077;0;0
102450;0;0
102443;0;0
101211;0;0
102452;0;0
101217;0;0
103280;0;0
101212;0;0
143984;;
102447;0;0
102449;0;0
102453;0;0
101220;0;0
108915;0;0
102451;0;0
103439;0;0
103430;0;0
102466;0;0
116834;0;0
100533;1;1
102470;0;0
101218;0;0
103483;0;0
102471;0;0
108908;0;0
101267;0;0
109052;0;0
101252;0;0
103490;0;0
108920;0;0
102478;0;0
103526;0;0
102472;0;0
102496;0;0
102474;0;0
103529;0;0
102487;0;0
101266;0;0
101268;0;0
103256;0;0
108937;0;0
102488;0;0
110423;0;0
108938;0;0
102489;0;0
109003;0;0
118029;0;0
102960;1;0
102515;0;0
102512;0;0
108950;0;0
108954;0;0
108935;0;0
102486;0;0
108962;0;0
102505;0;0
102504;0;0
102506;0;0
118036;0;0
141220;;
102519;0;0
102514;0;0
102522;0;0
102523;0;0
102525;0;0
101119;0;0
101143;0;0
101134;0;0
101158;1;0
101169;1;0
112795;0;0
108880;0;0
101215;0;0
118025;0;0
118065;0;0
118072;0;0
148558;;
137150;0;
103893;0;0
118076;0;0
148559;;
103906;1;0
141215;;
118116;0;0
103908;1;0
103912;0;0
103909;0;0
103913;0;0
103905;1;0
103902;0;0
103904;0;0
103903;0;0
103917;0;0
103926;0;0
118090;0;0
103927;0;0
103929;0;0
103928;0;0
127570;0;0
118101;0;0
118106;0;0
112855;0;0
127574;0;0
112862;0;0
103088;1;1
107609;0;0
112872;0;0
141218;;
120382;0;0
112878;0;0
118124;0;0
118134;0;0
112888;0;0
118141;0;0
109741;1;0
140192;;
112900;0;0
107291;1;0
105632;0;0
120317;0;0
120344;0;0
120335;0;0
120345;0;0
105413;0;0
114457;0;0
105521;0;0
109966;0;0
105541;0;0
105457;0;0
138990;0;
110006;0;0
105412;0;0
105633;0;0
132456;0;
105625;0;0
105561;0;0
105636;0;0
105638;0;0
109938;0;0
138994;;
138997;0;
110120;0;0
120458;0;0
132777;0;
105093;0;0
110029;0;0
105279;0;0
105186;0;0
110145;0;0
103785;1;0
120441;0;0
126608;0;0
105293;0;0
105063;0;0
137129;1;
105290;0;0
137104;1;
137102;1;
120461;0;0
104865;0;0
120430;0;0
120431;0;0
120465;0;0
140198;1;
120467;0;0
120494;0;0
120480;0;0
120478;0;0
122205;0;0
106165;1;0
127596;0;0
114090;0;0
120523;0;0
114537;0;0
114539;0;0
127599;0;0
120504;0;0
105713;0;0
120502;0;0
132471;1;
105716;0;0
105721;0;0
105723;0;0
105725;0;0
120511;0;0
105732;0;0
105731;0;0
114557;0;0
132472;0;
105734;0;0
105743;0;0
114571;0;0
114575;0;0
114582;0;0
105750;0;0
105747;0;0
127607;0;0
114590;0;0
114592;0;0
114596;0;0
120513;0;0
114581;0;0
114588;0;0
114627;0;0
114629;0;0
122027;0;0
120517;1;0
101347;0;0
101351;0;0
120522;0;0
106721;0;0
114606;0;0
114626;0;0
114622;0;0
114620;0;0
120527;0;0
114630;0;0
101355;0;0
114639;0;0
107225;0;0
107227;0;0
107229;0;0
107231;0;0
107226;0;0
101337;0;0
120548;0;0
101418;0;0
107234;0;0
107235;0;0
106645;0;0
101407;1;0
101391;0;0
101402;0;0
101375;0;0
120566;0;0
132484;0;0
101404;0;0
107242;0;0
101411;0;0
101379;0;0
106114;1;0
101432;0;0
120569;0;0
125294;0;0
110920;0;0
101433;0;0
110918;0;0
127626;0;0
101446;0;0
120553;0;0
110929;0;0
107276;0;0
122028;0;0
101461;0;0
123483;0;0
107269;0;0
107279;0;0
103911;0;0
110939;0;0
107273;0;0
107277;0;0
107280;0;0
134891;0;
120585;0;0
103754;0;0
110941;0;0
101489;0;0
120571;0;0
101498;0;0
101505;0;0
101512;1;0
103682;0;0
107289;0;0
132489;0;
101533;0;0
103694;0;0
101502;0;0
101509;0;0
144003;;
103701;0;0
101536;0;0
101519;0;0
101518;0;0
103626;0;0
144011;;
141845;;
107296;0;0
107303;0;0
103699;0;0
103773;0;0
101561;0;0
103621;0;0
103722;1;0
101554;0;0
107300;0;0
103789;0;0
107304;0;0
107307;0;0
132508;0;
107315;0;0
105974;1;0
107314;0;0
107318;0;0
107311;0;0
107321;0;0
107319;0;0
103306;0;0
141247;;
103278;0;0
120598;0;0
101564;0;0
101556;0;0
101558;0;0
103422;0;0
137229;0;
101563;0;0
103511;0;0
101570;0;0
126420;1;1
101578;0;0
125295;0;0
120604;0;0
120615;0;0
102521;0;0
112896;0;0
102602;0;0
120618;0;0
101538;1;0
134910;0;
101199;1;0
102594;0;0
102583;0;0
102592;0;0
113057;0;0
102588;0;0
102597;0;0
102598;0;0
102610;0;0
102616;1;0
102620;0;0
102601;0;0
102625;0;0
102629;0;0
102619;0;0
102628;0;0
120635;0;0
102637;0;0
102630;0;0
102632;0;0
123524;1;1
102634;0;0
141225;;
102635;0;0
120648;0;0
102639;0;0
144018;;
120649;0;0
101576;0;0
102650;0;0
120663;0;0
114037;1;0
102661;0;0
102662;0;0
102664;0;0
102663;0;0
102681;0;0
102668;0;0
102667;0;0
102690;0;0
132510;0;
102671;0;0
102678;0;0
126470;1;1
120669;0;0
102685;0;0
102719;0;0
102740;0;0
102698;0;0
102696;0;0
102701;0;0
120672;0;0
102703;0;0
102699;0;0
120677;0;0
102680;0;0
102687;0;0
102708;0;0
120701;0;0
122069;1;0
102713;0;0
113830;0;0
120683;0;0
102721;0;0
120702;0;0
102735;0;0
102745;0;0
118525;1;1
102731;0;0
102725;0;0
102750;0;0
118342;1;1
102737;0;0
102739;0;0
122065;0;0
102779;1;0
102759;0;0
120700;0;0
102758;0;0
144039;;
118179;1;1
120718;0;0
124200;0;0
102748;0;0
127642;0;0
102767;0;0
120726;0;0
102775;0;0
102776;0;0
120724;0;0
123511;0;0
102784;0;0
102783;1;0
122085;0;0
134914;0;
102804;0;0
102802;0;0
102823;0;0
102808;0;0
134934;0;
123523;0;0
139018;;
102811;0;0
114602;1;1
102813;1;0
102834;0;0
102822;0;0
102819;0;0
102829;0;0
102828;0;0
102827;0;0
122084;0;0
102835;0;0
102838;0;0
115519;1;1
120736;0;0
127676;0;0
102846;0;0
102833;0;0
102855;0;0
102856;0;0
102863;0;0
127673;0;0
114281;1;1
102861;1;0
102870;0;0
102868;0;0
127674;0;0
102865;0;0
137253;0;
127665;0;0
113880;1;1
139020;;
134926;0;
113945;0;0
123526;0;0
113856;0;0
122068;0;0
144042;;
139023;;
112790;0;0
112760;0;0
112831;1;0
125004;1;1
141284;;
112596;0;0
112909;0;0
108974;0;0
127695;0;0
123545;0;0
109561;1;1
108977;0;0
108983;0;0
112953;0;0
112936;0;0
109494;1;1
109412;1;1
109034;0;0
112926;0;0
112243;1;0
108994;0;0
112935;0;0
134938;0;
112947;0;0
109038;0;0
112941;1;0
137262;0;
109004;0;0
102502;1;0
109023;0;0
134950;0;
109019;0;0
108964;1;1
134977;0;
109027;0;0
137276;0;
112990;0;0
137286;0;
109049;0;0
127706;0;0
137273;1;
109065;0;0
109056;0;0
109080;0;0
109069;0;0
109076;0;0
109075;0;0
123585;0;0
113008;0;0
109073;0;0
112984;0;0
99701;0;0
127715;0;0
109085;0;0
109082;0;0
109086;0;0
123580;0;0
109091;0;0
112997;0;0
112963;0;0
112934;0;0
99700;0;0
112964;0;0
101508;0;0
101462;0;0
99695;0;0
101468;0;0
99690;0;0
99719;0;0
127720;0;0
99698;0;0
101412;0;0
99712;0;0
99713;0;0
134986;0;0
123567;1;1
115838;0;0
114652;0;0
99723;0;0
99722;0;0
113024;0;0
113051;0;0
99720;0;0
99709;0;0
101223;0;0
99738;0;0
99736;0;0
99727;0;0
99740;0;0
99739;0;0
113047;0;0
113043;0;0
99751;0;0
99744;0;0
99733;0;0
127717;0;0
99747;0;0
109025;1;1
113037;0;0
99745;0;0
99767;0;0
99776;0;0
99708;1;0
113039;0;0
113052;0;0
113046;0;0
99774;0;0
113056;0;0
113012;1;0
110959;0;0
99780;0;0
139066;;
139064;;
99799;0;0
99800;0;0
99804;0;0
99803;0;0
99797;0;0
125310;0;0
99806;0;0
113074;1;0
110970;0;0
99812;0;0
99811;0;0
114671;0;0
99817;0;0
110979;0;0
113069;1;0
99820;0;0
137293;0;
113075;0;0
99795;0;0
113072;0;0
114678;0;0
99826;0;0
99819;0;0
99843;0;0
107094;0;0
99825;0;0
113091;0;0
113084;0;0
99838;0;0
99848;0;0
107200;0;0
107092;0;0
99853;0;0
113087;0;0
113089;0;0
99849;0;0
99837;0;0
107066;0;0
99854;0;0
113093;0;0
113123;0;0
99871;0;0
99855;0;0
99869;0;0
113099;0;0
113096;0;0
113098;0;0
99865;0;0
115844;0;0
107208;0;0
99859;0;0
113077;0;0
113079;0;0
113125;0;0
113153;0;0
113119;0;0
113109;0;0
99881;0;0
99876;0;0
99882;0;0
99864;0;0
113102;0;0
99874;0;0
99866;0;0
113156;0;0
113118;0;0
106670;0;0
110976;0;0
99890;0;0
113108;0;0
113149;0;0
104853;0;0
113107;0;0
113130;0;0
103747;0;0
113131;0;0
111065;0;0
113120;0;0
113133;0;0
101722;0;0
111029;0;0
111030;0;0
113145;0;0
99896;0;0
101661;0;0
101694;1;0
104646;0;0
131590;0;0
113135;0;0
101671;0;0
101664;0;0
101678;0;0
113136;0;0
101666;0;0
113154;0;0
101669;0;0
101675;0;0
99909;0;0
99917;0;0
99910;0;0
101676;0;0
101680;0;0
111039;0;0
113155;0;0
115008;0;0
101696;0;0
101684;0;0
111040;0;0
113159;0;0
101775;0;0
101788;0;0
99950;0;0
99920;0;0
99921;0;0
101692;0;0
99951;0;0
99906;0;0
111042;0;0
99903;0;0
111044;1;0
104079;0;0
101737;0;0
101730;0;0
123622;0;0
131593;0;0
101713;0;0
111037;0;0
101698;0;0
111004;0;0
104856;1;1
99940;0;0
99955;0;0
101715;0;0
101702;0;0
113167;0;0
104089;0;0
113164;1;0
104084;0;0
101733;0;0
113171;0;0
101719;0;0
101721;0;0
99953;0;0
111063;0;0
101732;0;0
101726;0;0
113173;0;0
132034;0;
99962;0;0
111095;0;0
111080;0;0
99980;0;0
101777;0;0
101747;0;0
104094;0;0
113201;0;0
111089;0;0
99989;0;0
111097;0;0
111109;1;0
99995;0;0
111131;0;0
99988;0;0
99986;0;0
99996;0;0
101752;0;0
127764;0;0
141306;;
111135;0;0
101749;0;0
111110;0;0
131600;1;0
101755;0;0
111116;0;0
111119;0;0
113194;0;0
141307;;
111120;0;0
113198;0;0
113203;0;0
111121;0;0
99327;0;0
111143;0;0
111142;0;0
111165;0;0
135017;0;
111115;0;0
111117;0;0
111137;0;0
111132;0;0
111164;1;0
113177;0;0
101764;0;0
111138;0;0
113881;1;1
104099;0;0
113212;0;0
111144;0;0
111172;0;0
113200;0;0
111147;0;0
111155;0;0
101770;0;0
111151;0;0
101773;0;0
104106;0;0
113204;0;0
101781;0;0
111148;0;0
99407;0;0
99331;0;0
99409;0;0
99410;0;0
99335;0;0
99328;0;0
99354;0;0
99324;0;0
99340;0;0
101787;0;0
137304;0;
99338;0;0
131607;0;0
99339;0;0
111167;0;0
99346;0;0
101801;0;0
107358;0;0
99352;0;0
101800;0;0
104114;0;0
101798;0;0
99836;0;0
111226;0;0
101794;0;0
99781;0;0
111177;0;0
111216;0;0
104123;0;0
104113;0;0
101845;0;0
99372;0;0
99360;0;0
99367;0;0
111187;0;0
101822;0;0
111192;0;0
111206;0;0
101811;0;0
111188;0;0
104117;0;0
99833;0;0
99702;0;0
99888;0;0
113206;0;0
111202;0;0
99809;0;0
99814;0;0
141271;;
101827;0;0
111211;0;0
99834;0;0
137313;0;
99408;0;0
99867;1;0
99391;0;0
99434;0;0
99376;0;0
111215;0;0
99380;0;0
99922;0;0
99880;0;0
141270;;
101826;0;0
99369;0;0
101819;0;0
99386;0;0
101823;0;0
111241;0;0
113218;0;0
101874;0;0
101848;0;0
101849;0;0
99388;0;0
101857;0;0
99389;0;0
111228;0;0
111221;0;0
120753;0;0
144069;;
113233;0;0
99946;0;0
113230;0;0
111248;0;0
111230;0;0
113231;0;0
101860;0;0
112838;0;0
99983;0;0
99919;0;0
99418;0;0
104131;0;0
99430;0;0
99416;0;0
101852;0;0
101869;0;0
120756;1;0
99915;0;0
101879;0;0
101885;0;0
101875;0;0
120757;0;0
123651;0;0
111254;0;0
112792;0;0
135029;0;
101886;0;0
104136;0;0
99375;0;0
99405;0;0
113243;0;0
104137;0;0
101909;0;0
101908;0;0
111249;0;0
111260;0;0
111261;0;0
99935;0;0
101911;0;0
135020;0;
111259;0;0
123652;0;0
99443;0;0
99344;0;0
101904;0;0
104172;0;0
113269;0;0
113264;0;0
101922;0;0
101907;0;0
111271;0;0
104167;0;0
111263;0;0
111264;0;0
104153;0;0
99451;0;0
104155;0;0
104152;0;0
111278;0;0
113254;0;0
99452;0;0
113270;0;0
120763;0;0
104157;0;0
104159;0;0
111283;0;0
99468;0;0
113257;0;0
111285;0;0
111284;0;0
113259;0;0
104166;0;0
127790;0;0
111292;0;0
99484;0;0
99474;0;0
99462;0;0
104164;0;0
104169;0;0
104171;0;0
111297;0;0
99463;0;0
99495;0;0
127200;0;0
104177;0;0
123670;0;0
99470;0;0
104186;0;0
104181;0;0
104189;0;0
104185;0;0
104180;0;0
99473;0;0
112787;0;0
99471;0;0
111309;0;0
99476;0;0
99489;0;0
99494;0;0
104183;0;0
123672;0;0
139087;;
104190;0;0
111350;0;0
99512;0;0
104187;0;0
104188;0;0
111313;0;0
99504;0;0
104200;0;0
104191;0;0
111331;0;0
111314;0;0
102365;0;0
104205;0;0
104195;0;0
104206;0;0
120782;0;0
111361;0;0
113281;0;0
99524;0;0
104210;0;0
113015;0;0
99523;0;0
123681;1;0
99534;0;0
141269;;
99532;0;0
120788;0;0
113027;0;0
111356;0;0
111355;0;0
111348;0;0
99546;0;0
104219;0;0
99555;0;0
119617;0;0
111362;0;0
103387;1;1
99559;0;0
99567;0;0
99569;0;0
99560;0;0
103290;0;0
139113;;
104234;0;0
115261;0;0
103447;0;0
104252;0;0
120819;0;0
120804;0;0
141275;;
137347;0;
104256;0;0
104271;0;0
104257;0;0
104268;0;0
132418;0;0
104263;0;0
113299;0;0
104284;0;0
104279;0;0
107126;1;1
113172;0;0
120802;0;0
135049;0;
104262;0;0
104301;0;0
104282;0;0
104278;0;0
104281;0;0
103121;1;1
104290;0;0
104291;0;0
120840;0;0
114576;1;1
104304;0;0
127828;0;0
104311;0;0
104310;0;0
110371;1;0
104298;0;0
135039;0;
113895;1;0
120853;0;0
104316;0;0
120867;0;0
104322;0;0
120899;0;0
120859;0;0
104346;0;0
144083;;
104343;0;0
104341;0;0
104332;0;0
104352;0;0
104339;0;0
104348;0;0
104354;0;0
104340;0;0
131646;0;0
104358;0;0
104353;0;0
112993;0;0
104351;0;0
120881;0;0
120883;0;0
104365;0;0
104380;0;0
113036;0;0
120897;0;0
113304;0;0
120907;0;0
104382;0;0
104377;0;0
113303;0;0
104378;0;0
104379;0;0
104384;0;0
135053;0;
113305;0;0
113307;0;0
114653;0;0
112998;0;0
124901;0;0
124905;0;0
113310;0;0
135076;1;
120921;0;0
137359;0;
137377;0;
131660;0;0
124910;0;0
124908;0;0
120758;0;0
111359;1;0
120932;0;0
120928;0;0
113313;0;0
124912;0;0
135088;1;
116907;1;0
120943;0;0
120953;0;0
141332;;
120955;0;0
120972;0;0
120957;0;0
120981;0;0
113221;0;0
113306;0;0
137368;0;
120984;0;0
120985;0;0
101974;0;0
101993;0;0
101977;0;0
102016;0;0
123466;0;0
102002;0;0
121039;0;0
124920;0;0
102001;0;0
101996;0;0
137362;0;
120993;0;0
139122;0;
137387;0;
102003;0;0
102010;0;0
121005;0;0
113318;0;0
102018;0;0
102021;0;0
102013;0;0
102025;0;0
102019;0;0
102026;0;0
113211;0;0
102028;0;0
102030;0;0
102029;0;0
124922;0;0
112219;1;1
135085;0;
100000;0;0
121009;0;0
100081;0;0
100093;0;0
100083;0;0
121026;0;0
127917;0;0
100101;0;0
100099;0;0
100103;0;0
121079;0;0
100113;0;0
100123;0;0
100107;0;0
100114;0;0
100108;0;0
100112;0;0
139916;;
100121;0;0
100118;0;0
135115;0;
121038;1;0
148568;;
100143;0;0
100115;0;0
100124;0;0
100133;0;0
100131;0;0
100127;0;0
135133;0;
100151;0;0
100152;0;0
100136;0;0
121043;0;0
100144;0;0
139127;;
135147;0;
100129;0;0
100140;0;0
131690;0;0
100157;0;0
100154;0;0
100155;0;0
100153;0;0
121063;0;0
121069;0;0
135124;1;1
121072;0;0
113331;0;0
131674;0;0
112618;0;0
113322;0;0
121083;0;0
116544;0;0
112809;0;0
113328;0;0
112903;0;0
116807;0;0
131668;0;0
141300;;
112104;0;0
112489;0;0
118181;0;0
110035;0;0
118202;0;0
113345;0;0
124929;0;0
127881;0;0
124877;0;0
117340;0;0
139135;;
113019;0;0
118160;0;0
110081;0;0
139136;;
118175;0;0
118176;0;0
118171;0;0
111342;0;0
111106;0;0
118168;0;0
113349;0;0
118165;0;0
130917;0;0
113353;0;0
113355;0;0
113343;0;0
109982;0;0
113350;0;0
118167;0;0
113358;0;0
118229;0;0
118187;0;0
113361;0;0
127593;0;0
124931;0;0
125323;0;0
118220;0;0
102894;0;0
102954;0;0
102962;0;0
102924;0;0
102941;0;0
131721;0;0
110342;1;1
135148;0;
102942;0;0
120357;1;0
141397;;
114720;0;0
130929;0;0
137418;0;
102929;0;0
102946;0;0
102930;0;0
118230;0;0
137412;0;
102951;0;0
141351;;
102959;0;0
114679;0;0
132588;0;
102964;0;0
114704;0;0
102974;0;0
102992;0;0
102969;0;0
118235;1;0
114693;0;0
114687;0;0
141353;;
123716;0;0
114744;0;0
114696;0;0
141287;;
102994;0;0
102995;0;0
103000;0;0
102998;0;0
103010;0;0
103017;0;0
103025;0;0
102977;0;0
103021;0;0
114700;0;0
103013;0;0
103026;0;0
103044;0;0
103027;0;0
131740;0;0
114741;0;0
103018;0;0
103055;0;0
103049;0;0
103038;0;0
103014;0;0
103054;0;0
103052;0;0
103058;0;0
103045;0;0
148591;;
114725;1;0
103081;0;0
103056;0;0
103066;0;0
103062;0;0
103068;0;0
103070;0;0
103089;0;0
99379;1;0
114719;0;0
103101;0;0
103103;0;0
107222;0;0
139133;;
103116;0;0
124943;0;0
103108;0;0
103107;0;0
103131;0;0
103106;0;0
111078;0;0
118246;0;0
103156;0;0
103129;0;0
103150;0;0
103145;0;0
103141;0;0
103133;0;0
114807;0;0
103151;0;0
118250;1;0
123574;0;0
103138;0;0
103149;1;0
131757;0;0
103153;0;0
123684;0;0
139155;;
128316;0;0
114766;0;0
104420;0;0
103154;0;0
103165;0;0
103161;0;0
103166;0;0
148560;;
141367;;
123689;0;0
148599;;
118254;0;0
123690;0;0
104428;0;0
104436;0;0
132865;0;0
131759;0;0
111239;0;0
132864;0;0
114771;0;0
131767;0;0
139158;;
104456;0;0
104437;0;0
104445;0;0
104435;0;0
104440;0;0
104448;0;0
127771;0;0
118267;0;0
123705;0;0
114802;0;0
127698;0;0
123706;0;0
104446;0;0
114809;0;0
118271;0;0
114800;0;0
110492;0;0
104459;0;0
139164;;
104460;0;0
104469;0;0
127310;1;1
131637;1;1
107381;1;1
104473;0;0
107375;0;0
104475;0;0
104457;0;0
114813;0;0
110518;0;0
104463;0;0
104490;0;0
148551;;
104474;0;0
110502;0;0
104489;0;0
104508;0;0
104487;0;0
104492;0;0
139170;0;
110321;0;0
104493;0;0
104504;0;0
104485;0;0
104505;0;0
104481;0;0
110451;0;0
124949;0;0
104523;0;0
104513;0;0
110511;0;0
104507;0;0
104501;0;0
104510;0;0
104537;0;0
104526;0;0
104541;0;0
104540;0;0
104558;0;0
104534;0;0
141387;0;
124952;0;0
110472;0;0
104547;0;0
104538;0;0
109100;0;0
104557;0;0
104565;0;0
104561;0;0
114861;0;0
114862;1;0
148605;;
104593;0;0
104586;0;0
127130;1;0
131783;0;0
114873;0;0
107420;0;0
104580;0;0
114850;1;0
107433;0;0
110026;1;0
131784;0;0
109113;0;0
123744;0;0
110061;0;0
110397;0;0
114886;0;0
104583;0;0
148606;;
123741;0;0
109116;0;0
104600;0;0
104597;0;0
100352;0;0
104590;0;0
131787;0;0
141356;;
123362;0;0
100376;0;0
100343;0;0
100316;0;0
109121;0;0
100361;0;0
100364;0;0
100429;0;0
100304;0;0
107437;0;0
114896;0;0
100333;0;0
100332;0;0
100347;0;0
100342;0;0
100337;0;0
100318;0;0
114890;1;1
100357;0;0
104631;0;0
104632;0;0
114877;0;0
100360;0;0
104614;0;0
104622;0;0
100387;0;0
123752;0;0
104640;0;0
100381;0;0
123753;0;0
100328;0;0
100358;0;0
100382;0;0
104653;0;0
104644;0;0
104651;0;0
114913;0;0
114912;0;0
100438;0;0
107454;0;0
144117;;
100315;0;0
100350;0;0
100447;0;0
100448;0;0
100393;0;0
100424;0;0
100443;0;0
100426;0;0
100430;0;0
101718;0;0
100418;0;0
107457;0;0
101729;0;0
107490;0;0
101809;0;0
141379;;
100433;0;0
109132;0;0
125315;0;0
101761;0;0
101988;1;1
114921;0;0
100461;0;0
100479;0;0
100534;0;0
100530;0;0
100500;0;0
100458;0;0
100436;0;0
100412;0;0
100548;0;0
127783;0;0
100508;0;0
100518;0;0
100370;0;0
100405;0;0
100467;0;0
100538;0;0
119755;0;0
100460;0;0
100494;0;0
101924;0;0
101796;0;0
107498;0;0
107615;0;0
131796;0;0
107607;0;0
100468;0;0
114932;0;0
100523;0;0
100546;0;0
100511;0;0
100556;0;0
123770;0;0
114933;0;0
100492;0;0
100507;0;0
101818;0;0
100515;0;0
107529;0;0
101873;0;0
100543;0;0
101897;0;0
107524;0;0
100519;0;0
107561;0;0
101915;0;0
100571;0;0
100567;0;0
100578;0;0
100561;0;0
104662;0;0
100563;0;0
100577;0;0
100564;0;0
125328;0;0
101438;0;0
107497;0;0
104109;1;0
100649;0;0
107534;0;0
100647;0;0
114938;0;0
107539;0;0
104663;0;0
100594;0;0
104676;0;0
123783;0;0
100652;0;0
100601;0;0
107500;0;0
107517;0;0
100595;0;0
127829;0;0
100637;0;0
100614;0;0
100589;0;0
113097;1;1
139200;;
107513;0;0
100639;0;0
99850;1;0
100654;0;0
131805;0;0
114950;0;0
109083;1;0
139203;;
104673;0;0
104675;0;0
99798;1;0
104669;0;0
104667;0;0
104668;0;0
107551;0;0
107559;0;0
141384;0;
144115;;
107545;0;0
104681;0;0
104680;1;0
107601;0;0
107603;0;0
107632;0;0
107598;0;0
107656;0;0
107618;0;0
119278;0;0
107566;0;0
114965;0;0
111365;0;0
107502;0;0
123804;0;0
127838;0;0
123805;0;0
123484;0;0
103244;0;0
103272;0;0
141396;;
123807;0;0
114981;0;0
103245;0;0
103284;0;0
103275;0;0
107571;0;0
103281;0;0
119239;0;0
103289;0;0
139219;;
123814;0;0
107599;0;0
103291;0;0
103294;0;0
103288;0;0
103301;0;0
103307;0;0
103292;0;0
103305;0;0
127842;0;0
127843;0;0
103322;0;0
115009;0;0
107594;0;0
107613;0;0
123824;0;0
103336;0;0
103341;0;0
103328;0;0
103362;0;0
100455;0;0
107761;1;0
111357;0;0
141394;;
103352;0;0
103360;0;0
103413;0;0
124987;0;0
103394;0;0
111404;0;0
115003;0;0
103349;0;0
103401;0;0
111418;0;0
107622;0;0
141395;;
127847;0;0
103380;0;0
103405;0;0
103407;0;0
103399;0;0
103406;0;0
103400;0;0
103410;0;0
103398;0;0
103431;0;0
103420;0;0
103448;0;0
103436;0;0
103425;0;0
111447;0;0
111421;0;0
111457;0;0
103451;0;0
107673;0;0
107713;0;0
107639;0;0
107669;0;0
107659;0;0
111420;0;0
111449;0;0
115004;1;0
115018;0;0
103465;0;0
103461;0;0
115019;0;0
103481;0;0
103440;0;0
103441;0;0
103453;0;0
123838;0;0
107614;0;0
141877;;
103493;0;0
103479;0;0
103487;0;0
103504;0;0
103501;0;0
103508;0;0
103486;0;0
103495;0;0
103489;0;0
127852;0;0
107655;0;0
103513;0;0
111446;0;0
103519;1;0
111453;0;0
103527;0;0
103520;0;0
103510;0;0
103518;0;0
103512;0;0
123843;0;0
130062;0;0
111466;0;0
107647;0;0
107628;0;0
111492;0;0
103351;0;0
115042;0;0
111473;0;0
107634;0;0
107636;0;0
105932;0;0
107646;0;0
107658;0;0
131838;0;0
115047;0;0
123882;0;0
107670;0;0
107645;0;0
107643;0;0
130060;0;0
107699;0;0
134445;0;0
107690;0;0
107682;0;0
131842;0;0
107685;0;0
111461;0;0
131853;0;0
124985;0;0
123871;0;0
123854;0;0
103298;0;0
148631;;
130055;0;0
107687;0;0
107675;0;0
107672;0;0
107668;0;0
107697;0;0
107680;0;0
115052;0;0
107691;0;0
105889;0;0
105891;0;0
107706;0;0
105897;0;0
105917;0;0
105887;0;0
105900;0;0
107711;0;0
110831;1;0
105895;0;0
105904;0;0
105958;1;0
123863;0;0
127893;0;0
105908;0;0
107718;0;0
144127;;
105909;0;0
105942;0;0
115077;0;0
123869;0;0
107784;0;0
131848;0;0
111504;0;0
107731;0;0
107729;0;0
107732;0;0
107742;0;0
107743;0;0
111515;0;0
111534;0;0
111096;1;1
105916;0;0
106014;0;0
105964;0;0
105963;0;0
105944;0;0
105960;0;0
115088;0;0
111512;0;0
104721;0;0
111517;0;0
105995;0;0
104748;0;0
105949;0;0
107762;0;0
104738;0;0
105965;0;0
105978;0;0
105952;0;0
123900;0;0
127721;1;0
105984;0;0
123921;0;0
107790;0;0
107799;0;0
104751;0;0
106037;0;0
107811;0;0
111514;0;0
107765;0;0
107767;0;0
105983;0;0
104740;0;0
141419;;
106007;0;0
106018;0;0
105905;0;0
106025;0;0
107782;0;0
106012;0;0
111518;0;0
106016;0;0
104776;0;0
104745;0;0
104749;0;0
104764;0;0
104750;0;0
104768;0;0
104753;0;0
104760;0;0
106019;0;0
131854;0;0
106034;0;0
106033;0;0
106101;0;0
106009;0;0
104774;0;0
106030;0;0
106069;0;0
111510;0;0
106013;0;0
127882;0;0
106010;0;0
104779;0;0
104786;0;0
104767;0;0
104780;0;0
104811;0;0
104810;0;0
113365;0;0
131861;1;1
104807;0;0
104834;0;0
104832;0;0
106036;0;0
111525;0;0
107797;0;0
106066;0;0
106035;0;0
111537;0;0
106038;0;0
106052;0;0
104840;0;0
106075;0;0
104851;0;0
106098;0;0
106078;0;0
106082;0;0
106060;0;0
106049;0;0
104878;0;0
104850;0;0
104855;0;0
104896;0;0
104859;0;0
104905;0;0
113391;0;0
121092;0;0
131863;0;0
104847;0;0
106067;0;0
106006;0;0
104862;0;0
104883;0;0
104898;0;0
104887;0;0
104864;0;0
104863;0;0
106015;0;0
104882;0;0
141433;;
106112;0;0
111539;0;0
123907;0;0
104879;0;0
104885;0;0
104869;0;0
107801;0;0
104877;0;0
104918;0;0
104873;0;0
107803;0;0
107804;0;0
113393;0;0
106116;0;0
104920;0;0
126653;0;0
104923;0;0
104942;0;0
111570;0;0
111557;0;0
111541;0;0
104936;0;0
104950;0;0
111524;0;0
104935;0;0
104955;0;0
106115;0;0
111563;0;0
113417;0;0
113451;0;0
131864;0;0
127895;1;1
106122;0;0
113385;0;0
111562;0;0
111544;0;0
104956;0;0
113439;0;0
106164;0;0
104369;0;0
113395;0;0
106149;0;0
111548;0;0
107816;0;0
111556;0;0
111550;0;0
104729;0;0
106166;0;0
111528;0;0
111522;0;0
127901;0;0
106175;0;0
106168;0;0
106167;0;0
106195;0;0
106192;0;0
111553;0;0
113428;0;0
111573;0;0
113429;0;0
131875;1;0
100130;0;0
123922;0;0
105915;1;1
111572;0;0
113431;0;0
144098;;
100128;0;0
106183;0;0
111555;0;0
111559;0;0
113434;0;0
113433;0;0
113011;0;0
106187;0;0
106186;0;0
106194;0;0
100120;0;0
106223;0;0
111567;0;0
113449;0;0
111576;0;0
113453;0;0
100159;0;0
111577;0;0
113435;0;0
99949;1;0
111580;0;0
111578;0;0
111584;0;0
113462;0;0
111587;0;0
125321;0;0
105055;0;0
105056;0;0
105042;0;0
111614;0;0
111598;0;0
113478;1;0
113477;0;0
113359;0;0
113476;0;0
113493;0;0
105086;0;0
111615;0;0
121151;0;0
113485;0;0
105070;0;0
105069;0;0
111581;0;0
111589;0;0
127826;0;0
121124;0;0
113500;0;0
105062;0;0
105065;0;0
123939;0;0
111600;0;0
111594;0;0
105114;0;0
105126;0;0
105111;0;0
123940;0;0
111605;0;0
111626;0;0
113470;0;0
125029;0;0
113499;0;0
113484;0;0
105130;0;0
105119;0;0
105077;0;0
105140;0;0
111610;0;0
105129;0;0
113515;0;0
105121;0;0
113520;0;0
105127;0;0
125030;0;0
105144;0;0
105145;0;0
127900;0;0
105142;0;0
105152;0;0
105149;0;0
105153;0;0
113516;0;0
111622;0;0
105162;0;0
144087;;
105206;0;0
113497;0;0
113529;0;0
113536;0;0
113588;0;0
141440;;
111636;0;0
113531;0;0
113526;0;0
113558;1;0
132502;0;
105207;0;0
113545;0;0
105200;0;0
105205;0;0
116008;0;0
105203;0;0
105225;0;0
105220;0;0
111638;0;0
113551;0;0
105222;0;0
111649;0;0
111650;0;0
111645;0;0
141442;;
111647;0;0
113562;0;0
113553;0;0
111664;0;0
111632;0;0
113555;0;0
105234;0;0
105227;0;0
141444;0;
111659;0;0
113556;0;0
144133;;
111667;0;0
105228;0;0
111679;0;0
105240;0;0
105252;0;0
113563;0;0
105275;0;0
105248;0;0
105262;0;0
141448;;
105258;0;0
105242;0;0
105294;0;0
105274;0;0
111678;0;0
111673;0;0
105259;0;0
105257;0;0
111676;0;0
105303;0;0
105268;0;0
121176;0;0
113585;0;0
105281;0;0
111683;0;0
141879;;
111687;0;0
123973;0;0
113592;1;1
115296;0;0
113601;0;0
113584;0;0
113590;0;0
113589;0;0
141447;;
121186;0;0
113509;0;0
123967;0;0
123968;0;0
113026;0;0
113352;0;0
105898;0;0
125037;0;0
113606;1;1
113604;0;0
123975;0;0
113612;0;0
113617;0;0
121204;0;0
113632;0;0
132785;1;
113614;0;0
113615;0;0
141457;;
135174;1;
113668;0;0
113629;0;0
135175;0;
113630;0;0
121213;0;0
124006;0;0
113639;0;0
135178;0;0
113645;0;0
113644;0;0
127939;0;0
113650;0;0
117298;0;0
113658;0;0
141459;;
123996;0;0
113652;0;0
121250;0;0
121222;0;0
113662;0;0
113665;1;0
123999;0;0
105204;0;0
121228;0;0
144121;;
121227;0;0
135190;0;
121230;0;0
121195;1;0
121294;0;0
139014;;
141471;;
141890;;
148633;;
99513;1;0
121251;0;0
119522;0;0
119480;0;0
114731;0;0
119560;0;0
120790;1;0
121267;0;0
119766;0;0
135200;1;1
141899;;
144159;;
135202;0;0
120358;1;0
121305;0;0
112475;1;1
102923;1;1
121276;0;0
121323;0;0
144154;;
141493;;
118915;1;0
144145;;
144144;;
135214;1;
121288;0;0
120675;1;1
120073;1;1
135226;0;
103651;1;1
121332;0;0
141528;;
141494;;
114510;0;0
121340;0;0
123458;1;1
121303;0;0
115118;1;0
123227;1;1
144164;;
121356;0;0
121309;0;0
135196;0;
111498;1;1
148648;;
121344;0;0
120836;1;0
135208;1;
141532;;
106292;0;0
106302;0;0
121346;0;0
121314;0;0
106275;0;0
106283;0;0
121339;0;0
106393;0;0
135210;1;
106367;0;0
106286;0;0
106295;0;0
106289;0;0
106318;0;0
106331;0;0
106310;0;0
106320;0;0
106311;0;0
106322;0;0
106319;0;0
106303;0;0
106328;0;0
115120;0;0
106360;0;0
115139;0;0
115125;0;0
106358;0;0
106382;0;0
106378;0;0
106370;0;0
106364;0;0
106410;0;0
106425;0;0
106397;0;0
106390;0;0
132839;0;
141513;;
121362;0;0
121399;0;0
106441;0;0
106438;0;0
121401;0;0
106458;0;0
121486;1;0
121159;1;0
101133;1;1
106471;0;0
106469;0;0
106459;0;0
148675;;
106504;0;0
141534;;
121487;1;1
125040;0;0
106497;0;0
100956;1;1
121488;0;0
106506;0;0
106514;0;0
106528;0;0
106522;0;0
121489;0;0
106517;0;0
106527;0;0
112490;1;1
106529;0;0
106531;0;0
132636;1;
148681;;
144185;;
140145;;
132473;1;
107819;0;0
107829;0;0
107835;0;0
107827;0;0
141537;;
107842;0;0
135275;0;
107881;0;0
107888;0;0
114867;1;1
148680;;
107903;0;0
148670;;
107864;0;0
114600;1;1
107913;1;0
107896;0;0
107890;0;0
113430;1;1
107893;0;0
107884;0;0
107886;0;0
107901;0;0
107883;0;0
107895;0;0
107891;0;0
107908;0;0
113063;0;0
107904;0;0
107899;0;0
118161;1;1
107900;0;0
118121;1;1
113060;0;0
109898;1;1
107957;0;0
107928;0;0
113334;0;0
113222;0;0
113832;1;1
107931;1;1
107932;0;0
107937;0;0
108517;1;1
107925;0;0
107922;0;0
107948;0;0
107946;0;0
107939;0;0
107971;1;1
107938;0;0
135295;0;
107980;0;0
113195;0;0
107954;0;0
107955;0;0
135906;0;
113013;1;1
107978;0;0
107952;0;0
107965;0;0
107961;0;0
107969;0;0
137145;1;
113048;1;1
132503;0;
107993;0;0
135265;0;
107999;0;0
113112;0;0
107989;0;0
108005;0;0
108010;0;0
107981;0;0
111627;1;1
144190;;
108028;0;0
111257;1;1
111353;1;1
108013;0;0
108012;1;0
108020;0;0
132359;1;
108026;0;0
135274;0;
132514;1;
112807;1;1
108031;0;0
110745;1;1
115454;1;1
108038;0;0
108040;0;0
108051;0;0
108043;0;0
108050;0;0
108035;0;0
108052;0;0
108032;0;0
148692;;
108066;0;0
144204;;
108039;0;0
108053;0;0
108062;0;0
108059;0;0
144195;;
108055;0;0
108093;0;0
108047;0;0
108061;0;0
108065;0;0
100338;0;0
108096;0;0
108070;0;0
108063;0;0
108091;0;0
108103;0;0
124926;1;0
108099;0;0
109148;0;0
111523;1;0
109142;0;0
109158;0;0
116856;0;0
116855;0;0
116853;0;0
116854;0;0
115095;0;0
121615;1;1
148704;;
115098;0;0
116858;0;0
116860;0;0
106432;1;1
105868;1;1
109286;0;0
109281;0;0
135286;0;
107860;0;0
109219;0;0
115115;0;0
125058;0;0
109223;0;0
106053;0;0
122579;1;0
148720;;
115121;0;0
113538;0;0
109319;0;0
109325;1;0
109252;0;0
135296;1;
144203;;
148686;;
109251;0;0
109228;0;0
109263;0;0
115130;0;0
116863;0;0
109312;0;0
109264;0;0
109248;0;0
109259;0;0
109210;0;0
109217;0;0
109309;0;0
125049;1;1
134817;0;
109277;0;0
109323;0;0
109269;0;0
109265;0;0
109271;0;0
125352;1;0
109284;0;0
111345;0;0
125084;0;0
109278;0;0
109276;0;0
114176;1;1
113283;1;1
109293;0;0
109328;0;0
109270;0;0
109288;0;0
109295;0;0
135308;0;
148711;;
114774;0;0
109392;0;0
109333;0;0
109330;0;0
109372;0;0
109332;0;0
109341;0;0
109338;0;0
109334;0;0
115134;0;0
148714;;
109335;0;0
109297;0;0
109340;0;0
109344;0;0
109336;0;0
109349;0;0
115151;0;0
109350;0;0
111071;1;0
131892;0;0
138969;;
109371;0;0
115145;0;0
109292;0;0
115162;0;0
115158;0;0
114648;0;0
113694;0;0
113692;0;0
113699;0;0
106595;0;0
106603;0;0
106629;0;0
106602;0;0
109389;0;0
115168;1;1
115171;0;0
109394;0;0
144212;;
109378;0;0
106592;0;0
106623;0;0
113702;0;0
115173;0;0
113701;0;0
115175;0;0
135326;1;
125067;0;0
106627;0;0
106613;0;0
113708;0;0
106671;0;0
109387;0;0
109405;0;0
109388;0;0
113706;0;0
113707;0;0
113115;1;1
106672;0;0
106651;0;0
106660;0;0
109407;0;0
113440;0;0
115214;1;0
115238;0;0
109400;0;0
109402;0;0
124009;0;0
106665;0;0
106668;0;0
106655;0;0
106675;0;0
106667;0;0
106677;0;0
115216;0;0
115191;0;0
124014;0;0
116887;0;0
116850;1;1
106681;0;0
113693;0;0
124016;0;0
106701;0;0
106704;0;0
106695;0;0
109427;0;0
109420;0;0
113714;0;0
109422;0;0
106662;0;0
115192;0;0
148721;;
106731;0;0
106716;0;0
116895;0;0
109421;0;0
109425;0;0
106726;0;0
124026;1;1
113734;0;0
113723;0;0
115201;1;0
113725;0;0
113733;0;0
109452;0;0
106741;0;0
106781;0;0
106760;0;0
106753;0;0
109439;0;0
135341;0;
109424;0;0
124067;1;0
106762;0;0
106782;0;0
106784;0;0
106773;0;0
106779;0;0
106771;0;0
113223;0;0
115222;1;0
106778;0;0
109456;0;0
106736;0;0
109463;0;0
106786;0;0
109467;0;0
109448;0;0
109469;0;0
109457;0;0
109447;0;0
115234;0;0
115235;0;0
106797;0;0
106824;0;0
106832;0;0
125086;0;0
109460;0;0
135347;1;
106819;0;0
106808;0;0
106799;0;0
106758;0;0
124040;0;0
106805;0;0
109484;0;0
115274;0;0
109488;0;0
109485;0;0
109514;0;0
115287;0;0
106823;0;0
125083;0;0
125072;0;0
109527;0;0
109503;0;0
106828;0;0
109542;0;0
113741;0;0
118767;1;1
106833;0;0
113737;0;0
113749;0;0
111789;0;0
111755;0;0
111772;0;0
109506;0;0
113745;0;0
111727;0;0
109522;0;0
113743;0;0
109552;0;0
109557;0;0
113746;0;0
148727;;
124049;0;0
109535;0;0
113752;0;0
113754;0;0
113765;0;0
115267;0;0
105180;0;0
113782;0;0
124071;0;0
148729;;
113764;0;0
116849;1;1
108803;0;0
109031;0;0
109571;0;0
135358;0;
109548;0;0
111745;0;0
111766;0;0
115295;0;0
116902;0;0
115289;0;0
113771;0;0
116903;0;0
113759;0;0
109583;0;0
113777;0;0
115288;0;0
135359;1;1
111762;0;0
115260;0;0
115276;0;0
111797;0;0
109574;0;0
109569;0;0
109584;0;0
113772;0;0
111749;0;0
109599;0;0
113792;1;0
109608;0;0
115271;0;0
111767;0;0
111769;0;0
109592;0;0
109602;0;0
109610;0;0
109595;0;0
111768;0;0
109604;0;0
113790;0;0
111831;0;0
109612;0;0
109611;0;0
125366;0;0
113789;0;0
113774;0;0
111784;0;0
125085;0;0
111776;0;0
101975;0;0
111792;0;0
115290;0;0
124079;0;0
113809;0;0
101982;0;0
113795;0;0
101999;0;0
101984;1;0
109615;0;0
99711;1;0
111791;0;0
111825;0;0
124076;0;0
124090;0;0
113773;0;0
113806;0;0
115306;1;0
111804;0;0
113793;0;0
113799;0;0
111829;0;0
113840;0;0
113815;1;0
115302;0;0
113802;0;0
111807;0;0
111830;0;0
115309;1;1
132821;0;0
113818;0;0
111874;0;0
111835;0;0
113833;0;0
135376;0;
101457;1;0
113808;0;0
142625;;
111842;0;0
113821;0;0
112722;1;1
115323;0;0
148738;;
113828;0;0
111856;0;0
111866;0;0
113838;0;0
124089;0;0
125089;1;0
100483;1;0
135379;0;
111860;0;0
113826;0;0
113835;0;0
115327;0;0
111875;0;0
111878;0;0
111869;0;0
113814;0;0
113846;0;0
111841;0;0
115852;0;0
115901;1;0
113857;0;0
124094;0;0
111846;0;0
113877;0;0
115335;0;0
113851;1;0
142851;;
111914;0;0
111895;0;0
111886;0;0
111899;0;0
115330;0;0
111476;1;1
115340;0;0
135394;0;
113864;0;0
148743;;
144238;;
111883;0;0
115346;0;0
111904;0;0
111908;0;0
144239;;
115850;0;0
123588;1;0
115347;0;0
111968;0;0
113869;0;0
111967;0;0
111949;0;0
135387;0;
111907;0;0
113868;0;0
115350;0;0
140122;1;
144277;;
148742;;
115851;0;0
115787;0;0
111925;0;0
124104;1;1
113896;0;0
112008;0;0
111932;0;0
111966;0;0
111964;0;0
111990;1;0
113900;1;0
111918;0;0
125104;0;0
111928;0;0
125076;0;0
124105;1;0
111936;0;0
115348;0;0
113908;0;0
111943;0;0
135398;0;
113916;0;0
125110;0;0
111952;0;0
115351;0;0
117390;0;0
115786;0;0
111644;0;0
113928;0;0
112009;0;0
109983;1;1
113925;0;0
113942;0;0
113933;0;0
111961;0;0
111959;0;0
115386;0;0
116926;0;0
135443;1;
113948;0;0
113939;0;0
108147;0;0
108134;0;0
113940;0;0
108151;0;0
111975;0;0
108145;0;0
148754;;
106076;0;0
135407;1;
108133;0;0
116915;0;0
106126;0;0
111993;0;0
111999;0;0
116951;0;0
116949;0;0
108793;0;0
108140;0;0
111985;0;0
115195;0;0
106185;1;0
105941;0;0
111982;0;0
111989;0;0
108153;0;0
108148;0;0
108158;0;0
108160;0;0
111991;0;0
108149;0;0
107401;1;0
108155;0;0
108226;0;0
108186;0;0
108167;0;0
108156;0;0
108157;0;0
148760;;
116940;0;0
111969;0;0
132837;1;
111997;0;0
112006;0;0
108169;0;0
108171;0;0
109009;0;0
107149;1;0
116968;1;0
112002;0;0
106027;0;0
109886;1;1
148768;;
108178;0;0
108192;0;0
108203;0;0
108180;0;0
105926;0;0
108075;0;0
116952;1;0
106104;1;0
105986;0;0
148779;;
112021;0;0
112024;0;0
135420;0;
112013;0;0
112022;0;0
106107;0;0
108179;0;0
132565;0;
116972;0;0
117066;0;0
127964;0;0
108216;0;0
108211;0;0
104383;0;0
108266;0;0
115212;0;0
106225;0;0
137205;0;
127971;0;0
144262;;
104356;0;0
108218;0;0
117076;0;0
103155;1;0
113517;0;0
108223;0;0
148776;;
117080;0;0
144323;;
144283;;
144313;;
106221;0;0
102475;1;0
113651;1;1
113784;1;1
134781;0;
127978;0;0
127980;0;0
117081;0;0
119461;0;0
127982;0;0
144305;;
122407;1;1
108230;0;0
113758;1;1
127984;0;0
108235;0;0
117113;0;0
116979;0;0
108243;0;0
108261;0;0
108248;0;0
104608;1;0
108304;1;0
108282;1;0
135484;0;
108263;0;0
108246;0;0
108244;0;0
127993;0;0
100590;1;0
108272;0;0
108257;0;0
116980;0;0
108283;0;0
108276;0;0
116987;0;0
108441;0;0
108288;0;0
111903;1;0
135468;0;
108316;0;0
108297;0;0
108306;0;0
108298;0;0
108315;0;0
108317;0;0
108336;0;0
108335;0;0
108320;0;0
108322;0;0
117003;0;0
108344;0;0
108342;0;0
108328;0;0
108332;0;0
108341;0;0
117117;0;0
100498;0;0
100513;0;0
128008;0;0
108327;0;0
108330;0;0
108337;0;0
135490;0;
116993;0;0
128009;0;0
135480;1;
117007;0;0
111812;0;0
128010;0;0
117130;1;1
100482;0;0
116999;1;0
117132;0;0
114883;0;0
100610;0;0
100514;0;0
148803;;
117036;0;0
100459;0;0
100528;0;0
100453;0;0
100413;0;0
113597;0;0
128014;0;0
100560;0;0
119812;0;0
117008;0;0
117027;0;0
99868;1;1
119813;0;0
109483;0;0
99337;1;1
135497;0;0
100321;0;0
100474;0;0
117180;0;0
119796;0;0
125123;0;0
109541;0;0
117162;1;0
104638;1;0
125097;0;0
117029;1;0
135504;1;
148800;;
117096;0;0
117148;0;0
117061;0;0
117095;0;0
114314;0;0
135505;0;
117168;0;0
117024;0;0
144319;;
117078;1;1
106961;1;0
116991;1;0
123569;0;0
123728;0;0
108300;1;1
144328;;
131929;0;
144329;;
144332;;
123449;0;0
124081;0;0
108729;1;1
141590;0;
135541;0;
135109;1;
131909;0;0
135531;0;
148816;;
113852;1;1
139921;1;
112815;1;0
113379;1;1
131922;0;
134952;0;
135558;0;
134783;1;
148829;;
107924;1;1
112247;1;1
131951;0;0
131953;0;0
125381;0;0
134866;0;
135555;0;
125376;0;0
117002;0;0
123989;0;0
125142;0;0
137096;1;
131262;0;0
131960;1;
126586;1;0
148892;;
131979;1;0
126656;0;0
118281;0;0
118283;0;0
126890;0;0
118278;0;0
110327;0;0
118284;0;0
118285;0;0
126887;0;0
148852;;
148854;;
108352;0;0
108358;0;0
108357;0;0
108361;0;0
100354;0;0
126832;0;0
108362;0;0
126854;0;0
148844;;
106995;1;0
108378;0;0
108391;0;0
108393;0;0
108435;0;0
135077;1;
108434;0;0
108398;0;0
131989;0;
108414;0;0
108401;0;0
108416;0;0
131995;1;
108449;0;0
108440;0;0
108455;0;0
126760;0;0
108427;0;0
108411;0;0
108428;0;0
113959;0;0
108450;0;0
108469;0;0
108448;0;0
131993;1;
108447;0;0
108444;0;0
108457;0;0
113956;0;0
113955;0;0
108458;0;0
108465;0;0
108472;0;0
113961;0;0
148855;;
108461;0;0
108468;0;0
108464;0;0
108480;0;0
108479;0;0
108520;0;0
134313;1;
113964;0;0
108476;0;0
108473;0;0
113963;0;0
126729;0;0
126754;1;0
128760;1;1
108528;0;0
108534;0;0
108537;0;0
132018;0;
109630;0;0
109680;0;0
109642;0;0
108535;0;0
109649;0;0
108525;0;0
137242;1;
148903;;
148904;;
113971;0;0
108524;0;0
108542;1;0
113976;0;0
113972;0;0
135224;1;
108593;0;0
108540;0;0
113975;0;0
109670;0;0
109687;0;0
125314;1;1
118288;0;0
109651;0;0
109672;0;0
108536;0;0
118293;0;0
118290;0;0
132030;0;
108547;0;0
109676;0;0
118299;0;0
109688;1;0
148877;;
109696;0;0
108558;0;0
118301;0;0
108595;0;0
118304;0;0
118305;0;0
148867;;
108581;0;0
108567;0;0
108574;0;0
109709;0;0
109698;0;0
108601;0;0
109695;0;0
108611;0;0
108609;0;0
108598;0;0
115002;0;0
100766;0;0
108618;0;0
108614;0;0
118312;0;0
108616;0;0
108623;0;0
108615;0;0
109737;0;0
118316;0;0
108629;0;0
108645;0;0
113991;0;0
108643;0;0
110631;0;0
108638;0;0
109765;0;0
123625;0;0
127960;1;1
108637;0;0
100532;0;0
118320;0;0
108640;0;0
108639;0;0
100345;0;0
109763;0;0
114017;0;0
109729;1;0
100758;0;0
100968;0;0
127846;0;0
100750;0;0
100954;0;0
110679;0;0
114023;0;0
110641;1;1
109738;0;0
109758;0;0
114031;0;0
100952;0;0
100959;0;0
100501;0;0
109750;0;0
114027;0;0
114026;0;0
109770;0;0
109755;0;0
114034;0;0
114042;1;1
110644;0;0
114022;0;0
110611;0;0
110556;0;0
110619;1;0
114036;0;0
122778;1;1
109759;0;0
114044;0;0
125363;1;1
110642;0;0
148901;;
109796;0;0
110630;0;0
109771;0;0
114050;0;0
110553;0;0
114051;0;0
110668;0;0
110767;0;0
123793;1;1
110670;1;0
109821;0;0
109801;1;0
114060;1;0
114063;0;0
114061;0;0
110784;0;0
109818;0;0
114080;0;0
109808;0;0
109820;0;0
114064;0;0
114077;0;0
114056;0;0
109844;0;0
109824;0;0
109833;0;0
109840;0;0
109804;0;0
120950;1;1
114076;0;0
114071;0;0
114066;0;0
110779;0;0
120974;1;1
109834;0;0
109831;0;0
109842;1;1
114083;0;0
114074;0;0
109843;0;0
112044;0;0
114069;0;0
114073;0;0
110432;0;0
114089;0;0
114079;0;0
114643;1;1
114054;0;0
109859;0;0
109853;0;0
110460;0;0
109857;0;0
117801;1;1
109861;0;0
112070;0;0
118524;1;1
109875;0;0
114116;0;0
114103;0;0
112072;0;0
114104;0;0
112068;0;0
114108;0;0
109872;0;0
109864;0;0
109865;0;0
112079;0;0
110424;0;0
109879;0;0
109918;0;0
109899;0;0
109887;0;0
109891;0;0
109906;0;0
114123;0;0
114130;0;0
109894;0;0
112115;0;0
109903;0;0
114128;0;0
114121;0;0
109909;0;0
114124;0;0
112123;0;0
109917;0;0
112120;0;0
109913;0;0
114119;0;0
112129;0;0
114122;0;0
109981;0;0
112075;0;0
114147;0;0
112094;0;0
132320;1;1
112108;0;0
112101;0;0
106359;1;1
125111;0;0
112106;0;0
112124;0;0
114129;0;0
112099;0;0
114143;0;0
116333;1;1
110001;0;0
112133;0;0
112473;1;1
114166;0;0
109762;0;0
109999;0;0
112136;0;0
112134;0;0
112153;0;0
114153;0;0
112135;0;0
112143;0;0
111180;1;1
112161;0;0
114157;0;0
116946;1;1
117082;1;1
114159;0;0
114162;0;0
117123;1;1
124108;0;0
112152;0;0
117161;1;1
114165;0;0
112167;0;0
114168;0;0
117035;0;0
112173;0;0
112216;0;0
117174;1;1
116969;1;1
114171;1;0
112168;0;0
112175;0;0
114180;0;0
112187;0;0
112220;0;0
112205;0;0
112221;0;0
112186;0;0
112184;0;0
112212;0;0
112179;0;0
112189;0;0
112210;0;0
114190;0;0
112199;0;0
109746;0;0
112196;0;0
112244;0;0
114189;0;0
114194;0;0
124112;0;0
124114;0;0
114197;0;0
112269;0;0
114218;0;0
125128;0;0
114207;0;0
108222;1;1
124117;0;0
114198;1;0
114209;0;0
114227;0;0
114228;0;0
114210;0;0
114225;0;0
114224;0;0
114226;0;0
124119;0;0
114229;0;0
114237;0;0
114220;0;0
112253;0;0
112254;0;0
114232;0;0
112259;0;0
106357;0;0
107587;1;1
127264;0;0
124124;0;0
112267;0;0
112282;0;0
104894;0;0
106313;0;0
106408;0;0
112264;0;0
112270;0;0
112288;0;0
124134;1;1
112295;0;0
112283;0;0
111130;1;1
112294;0;0
124136;0;0
124137;0;0
108631;1;0
106468;0;0
106287;0;0
124140;0;0
120393;0;0
106496;0;0
125141;1;1
109946;0;0
109961;0;0
112311;1;0
112298;0;0
125130;1;1
124143;0;0
112356;1;0
125144;0;0
112326;0;0
112348;0;0
112338;0;0
114292;1;1
113709;1;1
112312;0;0
112300;0;0
109968;0;0
104795;0;0
104934;0;0
110017;0;0
109964;0;0
125137;0;0
109969;0;0
109971;0;0
109989;0;0
109987;0;0
110005;0;0
112334;1;1
112327;0;0
112342;0;0
110016;0;0
109988;0;0
125179;0;0
109991;0;0
112308;0;0
109995;0;0
112336;0;0
116117;1;1
109453;1;1
116103;0;0
110004;0;0
112343;0;0
112324;0;0
112333;0;0
110020;0;0
110039;0;0
110041;0;0
110042;0;0
110028;1;0
110033;1;1
114591;1;1
112339;0;0
110043;0;0
125145;0;0
110044;0;0
125159;0;0
112355;0;0
110048;0;0
110046;0;0
114484;1;1
110047;0;0
123605;0;0
110036;0;0
110049;0;0
112354;0;0
104720;1;1
110070;0;0
125166;1;0
116145;0;0
116175;1;1
124155;1;1
114443;1;1
114409;1;1
110066;0;0
110083;0;0
110085;0;0
117071;1;0
110087;0;0
117246;0;0
110103;0;0
110084;0;0
113927;1;1
116222;0;0
100104;1;1
110091;0;0
120273;1;0
110108;0;0
113919;1;1
113586;1;1
110119;0;0
104633;1;0
110131;0;0
110096;0;0
110113;0;0
110105;0;0
110098;0;0
110133;0;0
116186;0;0
113781;1;1
104520;0;0
101891;1;1
110178;0;0
110136;0;0
110115;0;0
110122;0;0
110117;0;0
113778;1;1
110152;0;0
110156;0;0
110142;0;0
110147;0;0
110146;0;0
106656;1;0
116182;0;0
110135;0;0
110134;0;0
120288;0;0
116216;0;0
116183;1;1
113593;1;1
110159;1;1
110164;0;0
110151;0;0
110167;0;0
110158;0;0
110165;0;0
116197;0;0
113014;1;1
110179;0;0
110163;0;0
110149;0;0
110166;0;0
116144;0;0
116155;0;0
110181;0;0
110182;0;0
110194;0;0
115970;0;0
113653;1;1
102498;0;0
102261;0;0
102250;0;0
116158;0;0
116122;1;0
116071;0;0
112901;1;1
116089;0;0
102500;0;0
116036;0;0
112728;1;1
115986;0;0
112814;1;1
107533;1;1
116100;0;0
105147;1;0
110481;1;1
116016;0;0
115938;0;0
128027;0;0
105096;1;1
128026;0;0
112548;1;1
115948;0;0
115219;1;1
112281;1;1
113874;1;1
113889;1;1
120286;0;0
104888;1;0
112018;1;1
115354;0;0
115249;1;0
111774;1;1
104589;1;1
114385;1;1
111911;1;1
111909;1;1
111513;1;1
114195;1;0
128126;1;0
128051;0;0
111068;1;1
128056;0;0
128087;0;0
111084;1;1
113862;1;1
125148;0;0
125190;1;0
125197;0;0
104193;1;1
128040;1;1
127957;0;0
101746;1;1
128062;0;0
113914;1;1
128073;0;0
128083;0;0
111729;1;0
128047;0;0
111329;1;1
128048;0;0
109877;1;1
108014;1;1
128072;0;0
105989;1;1
108823;1;1
109589;1;1
108284;1;1
128116;0;0
102465;1;1
132823;0;
132856;0;
128119;0;0
108512;1;1
107927;1;1
105362;1;1
102409;1;1
128118;1;1
107853;1;1
125160;0;0
128075;0;0
110203;0;0
110204;0;0
110201;0;0
106817;1;1
110211;0;0
110200;0;0
110233;0;0
110219;0;0
110228;0;0
102200;1;1
128146;0;0
115399;1;0
110259;0;0
128139;0;0
110278;0;0
110283;0;0
120140;0;0
110308;0;0
110281;0;0
115407;0;0
110311;0;0
110282;0;0
110286;0;0
115416;1;0
115403;0;0
115456;0;0
110301;0;0
110300;0;0
110266;0;0
110314;0;0
110335;0;0
110332;1;0
110347;0;0
110310;0;0
110303;0;0
110323;0;0
115459;0;0
110356;0;0
110294;0;0
115464;0;0
110293;0;0
115465;0;0
115469;0;0
115461;0;0
112364;0;0
128148;0;0
110330;0;0
128168;0;0
112372;0;0
110367;0;0
112375;0;0
112378;0;0
112377;0;0
112389;1;1
110336;0;0
110338;0;0
110348;0;0
115500;1;1
112384;0;0
110366;0;0
110362;0;0
115496;0;0
110353;0;0
110392;0;0
112445;1;1
110375;0;0
112404;0;0
110350;0;0
110351;0;0
115504;0;0
112394;0;0
112405;0;0
110389;0;0
110379;0;0
115532;0;0
112444;0;0
112424;0;0
112420;0;0
112446;0;0
112415;0;0
110411;0;0
112430;0;0
110394;0;0
112437;0;0
102414;1;1
110408;0;0
110407;0;0
110398;0;0
110413;0;0
128170;0;0
115522;1;1
110435;0;0
112448;0;0
110420;0;0
110427;0;0
110434;0;0
112435;0;0
110445;0;0
112464;0;0
110426;0;0
110442;0;0
125172;0;0
115533;0;0
135566;0;0
110453;0;0
110446;0;0
112462;0;0
112451;1;0
112467;0;0
112482;0;0
112491;0;0
128178;0;0
115523;0;0
115513;0;0
128177;0;0
135571;0;
110491;0;0
115537;0;0
110494;0;0
135577;1;
110480;0;0
110488;0;0
110476;0;0
110471;0;0
110477;0;0
112502;0;0
112515;0;0
112506;0;0
110484;0;0
112478;0;0
112569;0;0
112552;0;0
112527;0;0
115542;0;0
112511;0;0
112508;0;0
112521;0;0
112535;0;0
112510;0;0
110512;0;0
112522;0;0
112587;0;0
112518;0;0
112514;0;0
112476;0;0
112520;0;0
112536;0;0
110528;0;0
112565;0;0
108489;0;0
110529;0;0
135581;1;
112531;0;0
115562;1;1
112568;0;0
135584;0;
115584;0;0
115571;0;0
115587;0;0
128202;0;0
112563;0;0
102763;0;0
110516;0;0
107481;0;0
115558;0;0
110520;0;0
110521;0;0
110533;0;0
112584;0;0
110532;0;0
112579;1;1
110534;0;0
112577;0;0
135592;0;
112622;0;0
112590;0;0
112578;0;0
128225;1;1
112580;0;0
115589;1;0
135593;1;
112620;0;0
112600;0;0
125444;0;0
115618;0;0
115609;1;0
101037;1;1
135602;1;0
112604;0;0
115570;1;0
112607;0;0
115629;0;0
100735;1;1
112623;0;0
99994;1;1
115644;0;0
112631;1;0
115598;0;0
112636;0;0
112635;0;0
125173;1;1
112611;0;0
115635;0;0
115660;0;0
115655;0;0
99847;1;1
112652;0;0
112645;0;0
112637;0;0
112658;0;0
112638;0;0
112639;0;0
112654;0;0
135624;0;
112665;0;0
112673;1;1
112669;1;0
128217;0;0
135623;0;
136358;0;
112670;0;0
125169;0;0
120936;1;0
112679;0;0
128218;1;1
128219;0;0
106081;1;1
104871;1;1
112681;0;0
112683;0;0
99805;1;1
109582;1;1
135635;1;
119464;1;1
115848;1;1
125163;0;0
125410;0;0
121535;0;0
135653;1;
112697;0;0
110543;0;0
112704;0;0
110542;0;0
110537;0;0
110540;0;0
110582;0;0
112684;1;1
110565;0;0
110589;0;0
110587;0;0
110681;0;0
128235;0;0
112688;0;0
110595;0;0
110607;0;0
112715;0;0
110659;0;0
110577;0;0
112717;0;0
112699;0;0
135667;0;
112694;0;0
110608;0;0
110606;0;0
112706;0;0
112718;0;0
110621;0;0
135668;1;
110623;0;0
110616;0;0
128239;0;0
110584;0;0
112712;0;0
112707;0;0
110592;0;0
110638;0;0
112701;0;0
112713;0;0
112719;1;1
104928;0;0
112708;0;0
110640;0;0
112726;0;0
110660;1;0
110661;1;0
135669;1;
110665;0;0
110662;0;0
112721;0;0
135678;0;
128242;0;0
104880;1;0
104766;0;0
104868;0;0
104826;0;0
104761;0;0
110657;0;0
110685;0;0
104876;0;0
110684;1;1
125417;0;0
104901;0;0
125418;0;0
110701;1;0
110706;0;0
104908;0;0
125416;0;0
110693;0;0
110694;0;0
110711;0;0
110724;0;0
110717;0;0
104943;0;0
110715;0;0
110734;0;0
110751;0;0
110749;0;0
128256;1;1
125181;0;0
104945;0;0
110757;0;0
110760;0;0
125184;0;0
110756;0;0
110768;0;0
128251;0;0
110797;0;0
128254;0;0
110781;0;0
110771;0;0
110764;0;0
110769;0;0
110800;0;0
110776;0;0
110813;0;0
110799;0;0
103115;0;0
103041;0;0
102976;0;0
102986;0;0
103109;0;0
103039;0;0
103158;0;0
128280;0;0
124166;0;0
115941;0;0
116017;0;0
124168;0;0
124165;0;0
124167;0;0
103104;0;0
124172;0;0
115944;0;0
128279;0;0
124170;0;0
124169;0;0
124173;0;0
124178;0;0
124177;0;0
128306;1;1
128278;0;0
128285;1;1
100849;1;0
116064;0;0
124180;0;0
132826;0;
124188;0;0
124285;0;0
125200;0;0
124210;1;1
124208;0;0
124201;1;0
116707;0;0
110174;1;0
125428;0;0
125206;0;0
127815;0;0
125208;0;0
128305;0;0
116666;1;0
128312;0;0
124216;0;0
128326;1;0
135702;0;
105469;1;1
124242;0;0
124222;0;0
135701;0;
135703;0;
116832;1;1
124245;0;0
116633;0;0
116559;0;0
116499;0;0
124250;0;0
124284;0;0
118325;0;0
118324;0;0
124251;0;0
110590;0;0
111349;0;0
118339;0;0
118275;0;0
110847;0;0
118341;0;0
124228;1;1
128345;0;0
116659;0;0
128355;0;0
128407;0;0
118409;1;1
116569;0;0
135736;0;
128354;0;0
128387;0;0
124279;0;0
132833;0;0
124277;0;0
118355;0;0
118404;0;0
124283;0;0
124307;0;0
124273;0;0
135749;0;
136735;1;
136759;0;
118361;0;0
116492;0;0
135734;0;
135761;1;
117195;0;0
116548;0;0
116489;1;0
118370;0;0
124298;0;0
124352;0;0
124300;0;0
124295;0;0
128370;0;0
135748;1;
110625;0;0
124323;0;0
117200;0;0
118369;0;0
118371;0;0
128374;0;0
110474;0;0
118397;0;0
135739;1;
118433;0;0
118403;1;0
118384;1;0
118432;0;0
118427;1;0
124312;0;0
118422;1;1
118399;1;0
118447;0;0
117218;0;0
118481;0;0
128398;0;0
112100;0;0
128388;1;1
124358;0;0
124388;0;0
118441;0;0
124328;0;0
118449;0;0
110052;0;0
114098;0;0
118480;0;0
128403;0;0
118461;0;0
106413;1;0
118470;0;0
117291;0;0
109743;0;0
117245;0;0
106991;1;0
128423;1;1
117236;0;0
118444;0;0
118503;1;1
112676;0;0
111219;0;0
110078;0;0
111133;0;0
128425;1;1
135782;0;0
124376;1;0
118535;0;0
124385;0;0
128429;0;0
128468;0;0
118528;0;0
111160;0;0
128433;0;0
135796;0;
110605;0;0
135791;0;
124430;0;0
110651;1;0
128439;0;0
128451;1;0
128449;1;0
109826;0;0
110306;1;1
108340;1;1
118523;0;0
107301;1;1
110456;1;1
108563;1;1
110378;1;1
109285;1;1
124418;0;0
118579;1;0
128448;1;0
118517;0;0
128459;0;0
135820;0;
108796;0;0
109815;0;0
110614;0;0
128462;1;1
124403;0;0
113770;0;0
121501;0;0
117349;0;0
117369;0;0
124407;0;0
117301;0;0
117261;0;0
117304;0;0
118565;0;0
111127;0;0
101383;1;1
113161;0;0
121514;0;0
118548;0;0
118581;0;0
121513;1;0
121515;0;0
121523;0;0
118531;0;0
121524;0;0
121526;0;0
121519;0;0
121521;0;0
135853;1;
135827;0;
117288;0;0
121530;0;0
121529;0;0
121531;0;0
111150;0;0
114131;0;0
109860;0;0
111744;0;0
110869;0;0
104130;1;0
112222;0;0
111575;0;0
110461;0;0
110450;0;0
110169;1;0
121572;0;0
130052;0;0
139235;;
109752;1;1
111162;0;0
124446;1;1
118636;0;0
121596;0;0
117367;0;0
117372;0;0
121599;0;0
118603;0;0
117402;0;0
124447;0;0
121597;0;0
124440;0;0
107775;0;0
107789;0;0
113907;1;1
124479;0;0
118658;0;0
107456;0;0
118694;0;0
135914;0;0
123859;0;0
114609;1;0
107708;0;0
107635;0;0
107597;0;0
121644;0;0
107608;0;0
117429;0;0
121598;0;0
110141;0;0
117431;0;0
113744;0;0
112317;0;0
120312;0;0
117400;0;0
121632;0;0
121629;0;0
135929;0;
107667;0;0
107641;0;0
118657;0;0
121628;0;0
107557;0;0
107612;0;0
132044;0;
104449;1;1
107434;0;0
117417;0;0
130013;1;1
118664;0;0
103777;1;1
103469;1;1
118665;0;0
126312;1;1
111166;0;0
123949;1;0
117435;0;0
115619;0;0
124483;0;0
132066;0;
124550;0;0
132070;0;
124518;0;0
123745;0;0
124516;0;0
117477;0;0
123825;0;0
123865;1;1
123782;0;0
114188;0;0
121663;0;0
111128;0;0
112532;0;0
121674;0;0
123713;0;0
121679;0;0
121711;0;0
123334;1;0
123898;1;1
117467;0;0
118688;0;0
117473;1;0
120723;0;0
130046;0;0
121678;1;0
118698;0;0
113988;0;0
127458;1;0
137467;0;
118695;0;0
101207;1;1
127589;1;1
125457;1;1
124556;0;0
121709;0;0
117508;0;0
122057;1;1
121658;1;1
121327;1;1
111568;0;0
124571;0;0
118728;0;0
121708;0;0
117505;0;0
117506;0;0
120977;1;1
118713;0;0
117498;0;0
121538;1;1
120559;1;1
120390;0;0
114030;0;0
121787;0;0
118711;0;0
121783;0;0
118716;0;0
139247;;
120707;0;0
139243;;
124444;1;0
117523;0;0
118519;1;1
118719;0;0
103403;1;1
121776;0;0
121746;0;0
109529;0;0
114273;0;0
109318;0;0
118731;0;0
118638;1;1
117489;1;0
121741;0;0
109531;0;0
128520;0;0
117558;1;1
109496;0;0
118735;0;0
121745;0;0
109366;0;0
109462;0;0
116244;0;0
116257;0;0
113753;0;0
121754;0;0
121734;0;0
121799;1;0
103114;1;1
109455;0;0
109605;0;0
109393;1;0
121756;0;0
118755;0;0
104532;1;0
109590;0;0
109146;0;0
121736;1;1
121744;0;0
109511;0;0
117325;1;1
114706;1;1
116377;1;1
118750;0;0
108725;0;0
120831;1;1
107068;1;0
116529;1;1
117089;1;1
118759;0;0
114401;1;1
118780;0;0
118753;0;0
106983;1;0
116813;1;1
113487;0;0
121771;1;1
115046;1;1
102125;1;1
121761;0;0
106032;1;0
114562;1;1
107620;1;0
106663;1;0
114214;1;1
113561;1;1
121779;1;1
106775;1;1
121778;0;0
121801;1;1
114447;1;1
114760;1;1
113550;1;1
114362;1;1
105066;1;0
113514;1;1
113513;0;0
110908;0;0
113564;0;0
113496;1;1
125466;0;0
112261;1;0
113285;1;1
113421;0;0
109817;0;0
112436;1;1
113598;1;1
109809;0;0
110992;1;1
112576;1;1
114456;1;1
109955;0;0
110851;0;0
129680;0;0
129733;0;0
112256;1;0
129924;1;0
129826;1;0
129944;0;0
111956;1;1
109802;0;0
109487;0;0
112346;1;1
110884;1;1
111955;1;1
104630;1;0
110508;1;1
111851;1;1
130385;0;0
112037;1;1
110517;1;1
110487;1;1
109979;1;1
109504;1;1
108869;1;1
110682;1;1
110417;1;1
105493;1;0
109836;1;0
139331;;
109761;1;0
109960;1;1
109862;1;0
128502;0;0
128500;0;0
128510;1;1
128516;0;0
113854;1;0
104860;1;0
121961;1;1
121509;1;1
121671;1;1
121034;1;1
107714;1;1
104801;1;1
108305;1;1
110825;1;1
132555;0;
132558;1;
128529;0;0
127647;1;1
104627;1;0
108058;1;1
124087;1;0
127836;1;1
101010;1;1
105489;1;1
107650;1;1
101165;1;1
130366;0;0
127833;1;0
103500;1;1
128636;0;0
106401;1;1
106434;1;1
106145;1;1
128600;0;0
106299;1;1
128602;1;0
128591;1;0
128554;0;0
105135;1;1
125445;0;0
102730;1;1
102805;1;1
128553;1;0
128596;0;0
99764;1;1
128562;0;0
136991;1;
132169;1;1
101778;1;1
104902;1;1
128559;0;0
104612;1;1
104836;1;1
101701;1;1
130337;0;0
130372;0;0
130434;0;0
120156;0;0
99487;1;1
104539;1;1
130550;0;0
130610;0;0
99553;1;1
128612;0;0
128671;0;0
99544;1;1
124646;0;0
128614;0;0
131316;1;1
130708;1;0
103793;1;1
131210;0;0
130934;0;0
131199;0;0
128428;1;1
125266;1;1
128617;0;0
103792;1;1
102963;1;1
128623;1;0
108917;1;1
128663;0;0
112783;1;1
102720;1;1
128629;0;0
99545;1;1
112629;1;1
131384;1;1
100820;1;1
101265;1;1
101046;1;1
124451;0;0
124538;0;0
124603;0;0
124526;0;0
124437;0;0
124604;0;0
100807;1;1
128635;0;0
128660;1;0
107508;1;1
107199;1;1
128657;0;0
124613;0;0
124615;0;0
124617;0;0
121979;1;1
108583;1;0
124651;0;0
100094;1;1
128642;0;0
108425;1;1
100598;1;1
100565;1;1
99967;1;1
99816;1;1
128649;0;0
100134;1;1
99345;1;1
99437;1;1
100082;1;1
128662;1;0
99979;1;1
99550;1;1
131387;1;1
128670;1;0
124675;0;0
124664;0;0
131911;1;1
128692;1;1
114393;1;0
128685;0;0
117279;0;0
129722;0;0
129720;0;0
129701;1;0
117606;1;1
113220;1;1
123353;0;0
111052;1;1
112810;1;1
111053;1;1
124678;0;0
125368;1;1
120352;0;0
116736;0;0
114900;1;1
128735;0;0
128714;1;1
124743;0;0
128741;0;0
111472;1;1
110324;1;1
108868;1;1
124735;0;0
124722;1;1
118819;0;0
124726;0;0
99925;1;1
118916;0;0
118914;1;0
118969;0;0
118918;0;0
118968;0;0
137516;0;
118973;0;0
100488;1;1
112832;1;1
141581;;
127860;0;0
141539;0;
124739;0;0
128747;0;0
141238;;
128750;0;0
137510;0;
124756;1;0
125265;0;0
118847;0;0
117397;0;0
124770;0;0
125493;0;0
128754;0;0
118986;0;0
124812;0;0
124774;0;0
99902;1;1
118990;0;0
141548;;
109361;1;1
119283;1;0
144395;;
119169;1;0
141570;;
119295;0;0
118995;0;0
119336;0;0
119290;0;0
118245;0;0
125477;0;0
119315;0;0
119001;0;0
119293;0;0
119193;0;0
119188;0;0
141556;0;
119324;0;0
124795;1;0
141571;;
141575;0;
119325;0;0
119327;0;0
141588;1;
124798;1;0
119184;0;0
124800;1;1
119385;0;0
119042;0;0
119329;0;0
115996;0;0
118898;0;0
125481;0;0
119198;0;0
125509;0;0
144538;;
144528;;
119340;0;0
125213;0;0
115917;1;1
144487;;
124816;0;0
125216;0;0
125215;0;0
119359;0;0
119186;0;0
144495;;
124921;1;0
125220;0;0
119196;0;0
119409;0;0
141608;;
119410;0;0
119405;1;0
118917;0;0
125222;0;0
125223;0;0
116373;0;0
141650;;
111423;1;1
109706;1;1
110462;1;1
125227;0;0
144500;;
125224;0;0
119354;0;0
111318;1;1
125230;0;0
119089;1;0
118932;0;0
141640;;
118936;0;0
116018;0;0
125237;0;0
124850;0;0
124886;1;1
111190;1;1
124893;1;1
106683;1;1
144519;;
119067;0;0
144525;;
125245;0;0
125240;0;0
135839;1;
144530;;
109678;1;1
109370;1;1
128809;0;0
119358;0;0
119205;0;0
125248;0;0
119357;0;0
124866;0;0
119129;0;0
119362;0;0
128810;0;0
120884;1;1
119339;1;1
119112;0;0
119091;0;0
125288;0;0
119207;0;0
125250;0;0
116372;0;0
119370;0;0
112566;1;1
120963;1;0
116386;0;0
119367;0;0
119209;0;0
119211;1;0
124350;1;1
119212;0;0
135872;1;
125255;0;0
125253;0;0
124897;0;0
119218;0;0
116270;0;0
119213;1;1
119197;1;1
141628;;
124879;1;1
119233;0;0
121068;0;0
116366;0;0
124190;1;1
119095;0;0
112811;0;0
119398;0;0
119120;0;0
119215;1;0
141635;;
119406;0;0
128824;1;0
107977;1;1
108245;1;1
119098;0;0
119445;0;0
107809;1;1
141626;;
125494;0;0
132562;0;
135977;1;
119107;0;0
119119;1;1
119414;0;0
119264;0;0
104344;1;1
104140;1;1
132548;0;
141641;;
144537;;
132082;1;0
120272;0;0
125005;1;0
132077;0;
132075;0;0
120159;0;0
104671;1;1
132089;0;
119132;0;0
119434;0;0
113216;0;0
132100;0;
132556;0;0
124478;1;1
119443;0;0
111272;1;0
132587;1;
124034;1;0
111140;0;0
111107;0;0
120710;1;1
120464;0;0
120048;1;1
132097;0;
108815;1;0
104111;1;1
120269;0;0
120696;1;1
120279;1;0
110994;0;0
111060;0;0
132107;1;1
141677;;
111236;0;0
119285;1;1
117196;1;1
132577;0;
118931;1;1
118349;1;0
132112;0;
132533;0;
132611;0;
111204;1;1
132581;1;
118023;1;1
111223;1;0
116110;1;1
132118;0;
111274;1;1
135904;1;
111316;0;0
111176;0;0
135887;1;
144359;;
132121;0;0
111243;0;0
111256;0;0
109767;0;0
141662;;
135257;0;
144357;;
105263;1;0
134857;0;
144361;;
105183;1;0
111098;0;0
111059;0;0
110987;1;1
110762;1;1
110038;1;1
144353;;
112835;1;1
132584;0;
135879;0;
144036;;
144376;;
144356;;
132144;0;
111783;1;1
111639;1;1
132188;0;
108800;1;0
110680;1;1
110712;1;1
109201;1;0
144372;;
110257;1;1
117392;1;1
121849;0;0
135486;1;
103524;1;1
144437;;
135857;0;
132139;0;
132201;0;
132615;0;
141696;0;
135333;0;
132648;0;
140245;0;
103047;1;1
144425;;
105158;1;0
144403;;
132616;1;
120715;1;1
132200;0;
132205;0;
108944;1;0
132223;0;
144412;;
117387;1;1
132619;0;
132642;0;
132232;0;0
121834;0;0
132622;0;
121533;1;1
132177;0;0
104623;1;1
144478;;
117394;1;1
114495;1;1
140270;0;
132675;0;
132660;0;0
132691;0;
132203;0;
132697;0;
121806;0;0
103040;1;1
121803;0;0
121812;1;0
121809;0;0
117030;1;1
103895;1;1
121821;0;0
121818;0;0
144466;;
117460;1;1
135714;1;
121882;0;0
121847;0;0
121846;0;0
105951;1;1
121841;0;0
144467;;
140255;0;
132179;0;
121850;0;0
121858;1;1
132210;0;0
135355;1;
141745;;
101406;1;1
114072;1;1
105157;1;1
121871;0;0
135322;0;
103920;1;1
113348;1;1
132272;0;0
141744;;
141750;0;
132224;0;
132255;0;0
104208;1;1
140248;0;
104372;1;1
121873;0;0
140258;0;
121878;0;0
141761;0;
141793;;
132250;0;0
113319;1;1
132268;1;
132247;0;0
115668;0;0
112575;0;0
107627;0;0
112422;0;0
108671;0;0
107499;0;0
132227;0;
135189;0;
113656;1;1
115676;0;0
115677;0;0
108431;0;0
135048;1;
115705;0;0
121889;0;0
132282;0;
113552;1;1
132269;0;
132291;0;0
115684;0;0
105277;1;0
121891;0;0
107681;0;0
102311;1;1
132310;0;
121895;0;0
141742;;
141730;;
100635;1;1
132270;1;
121933;0;0
132233;1;
113316;1;1
115718;1;1
132733;0;
110916;1;1
132277;0;
110750;1;1
121901;0;0
115736;0;0
115725;0;0
106208;0;0
112452;0;0
132164;1;
121919;1;1
132289;1;
121903;0;0
132288;0;0
107625;0;0
115699;0;0
132708;0;
107623;0;0
115708;0;0
115687;0;0
121915;0;0
115737;0;0
132180;1;
122097;0;0
122100;0;0
115759;0;0
122106;1;0
115758;0;0
115763;0;0
122114;0;0
107638;0;0
141762;1;
121931;0;0
141748;;
121958;0;0
114440;0;0
132328;0;0
108009;0;0
132327;0;0
122160;0;0
121953;0;0
102463;1;1
112280;1;1
132306;0;
121940;0;0
115861;0;0
115877;0;0
115788;0;0
132316;0;
111126;0;0
115864;0;0
115826;0;0
115835;0;0
115795;0;0
115817;0;0
115804;0;0
121944;0;0
115823;0;0
132729;0;0
141798;;
132736;0;
106160;1;0
115869;0;0
108889;0;0
121966;0;0
109900;0;0
132368;0;
132731;1;
132324;0;
108850;0;0
141771;;
108863;0;0
141848;;
114239;0;0
122159;0;0
124755;0;0
115916;0;0
132788;0;
115933;0;0
114243;0;0
107442;0;0
108003;0;0
121959;0;0
105043;1;0
107721;0;0
115907;0;0
121965;1;0
121960;0;0
132369;0;
115912;0;0
115918;0;0
141809;;
107840;1;0
132760;1;
125374;1;1
107889;0;0
141842;0;
107769;0;0
121970;0;0
141836;;
107909;0;0
132770;1;
113219;1;1
122194;0;0
107808;0;0
122177;0;0
108074;0;0
107793;0;0
132407;1;
141823;;
107773;0;0
107661;0;0
122196;0;0
132787;0;0
107990;1;1
121412;1;1
141838;;
122186;0;0
141816;;
107817;0;0
122182;1;0
121975;0;0
132376;0;
132457;0;0
141832;0;
110940;0;0
132446;0;0
132400;0;
107813;1;1
107606;0;0
121987;0;0
141834;;
118897;1;1
121988;0;0
122017;0;0
122000;0;0
132412;0;
112025;1;1
107679;0;0
130391;1;0
107299;1;0
127124;0;0
130503;0;0
127187;0;0
110272;1;1
110295;1;1
137457;1;
106199;1;1
109876;1;1
108827;1;1
144591;;
144582;;
125798;1;1
120886;1;1
125594;0;0
119304;1;0
106048;1;1
109209;1;1
106031;1;0
144613;;
120877;1;1
123789;1;1
118096;1;1
144554;;
122963;0;0
119448;0;0
119449;0;0
144558;;
119459;0;0
129059;1;1
119455;0;0
119450;0;0
119468;0;0
119478;0;0
119475;0;0
119473;0;0
137305;0;
126491;0;0
126277;0;0
119485;0;0
119578;0;0
119553;1;1
119503;0;0
133518;1;1
137473;0;
126085;0;0
137477;0;
119486;1;0
137481;0;
144605;;
125540;0;0
119494;0;0
137529;0;
125593;0;0
144597;;
144594;;
144625;;
144523;;
144457;;
117528;0;0
109797;0;0
110121;0;0
135852;0;
117549;0;0
106394;1;1
117551;0;0
139092;0;
125571;0;0
125561;0;0
116769;0;0
117562;0;0
117560;0;0
111195;1;1
106798;1;1
117564;0;0
117661;0;0
122986;0;0
140969;0;
117604;0;0
117653;0;0
117568;0;0
140822;;
117566;1;1
103761;1;1
141101;0;
141168;;
144624;;
144627;;
117596;1;0
108900;1;1
119589;0;0
125552;1;1
119623;1;1
106381;1;1
126290;0;0
119669;0;0
144630;;
129092;0;0
119544;0;0
137543;0;
106087;1;1
119530;0;0
117594;0;0
125574;0;0
137537;1;
119611;0;0
102711;1;0
117608;0;0
119569;1;0
117615;0;0
122952;0;0
117613;0;0
129303;1;0
129104;0;0
130911;0;0
117640;0;0
119603;0;0
137438;0;
119601;0;0
119638;0;0
117624;1;1
99788;1;1
135911;0;
105515;1;1
125602;1;1
125616;0;0
117622;1;0
125588;0;0
119610;0;0
116277;1;1
144641;;
117628;0;0
116705;0;0
125592;0;0
99362;1;1
122958;0;0
122962;0;0
129097;0;0
137489;0;
125630;0;0
144536;;
137492;0;
116531;0;0
125586;0;0
109858;1;1
132059;0;0
137558;0;
125598;0;0
125635;0;0
137610;0;
127036;0;0
119664;1;0
125654;0;0
125639;1;1
109093;1;1
144660;;
125645;1;1
144652;;
125653;1;0
125655;0;0
138900;0;
143507;;
115951;0;0
104591;1;1
125666;0;0
119695;0;0
125673;0;0
122968;1;1
119555;1;1
113466;1;1
119702;0;0
115974;0;0
125679;0;0
137579;0;
125682;1;0
107982;0;0
127039;0;0
125716;0;0
123013;0;0
119707;0;0
119716;0;0
119730;1;1
139011;;
119732;0;0
115961;0;0
115969;0;0
119713;0;0
115956;0;0
108816;0;0
126332;0;0
116001;0;0
116097;0;0
116077;0;0
125699;0;0
116079;0;0
116034;0;0
127007;0;0
126992;1;1
119720;0;0
125705;0;0
116087;0;0
116083;0;0
106217;1;0
112768;0;0
137595;1;
144661;;
116129;0;0
113279;0;0
111061;0;0
116125;0;0
116127;0;0
126353;1;1
125804;0;0
106086;1;0
116134;0;0
116161;0;0
116138;0;0
113931;1;1
116143;0;0
119734;0;0
108822;0;0
126335;0;0
116192;0;0
144604;;
108787;0;0
116237;0;0
125729;0;0
116233;0;0
108150;1;0
108846;0;0
116231;1;1
108135;0;0
108210;0;0
113498;0;0
112517;0;0
119743;0;0
111251;0;0
107704;0;0
119744;0;0
137633;1;
140571;1;
125737;0;0
119762;0;0
129122;0;0
119769;0;0
129986;0;0
129922;0;0
137646;0;
129147;0;0
117704;0;0
117683;0;0
125749;0;0
122989;0;0
117738;0;0
116021;0;0
117698;0;0
129921;0;0
111631;1;0
119782;0;0
126366;0;0
126368;0;0
113215;1;0
137726;0;
123002;1;1
117682;0;0
106376;1;0
137727;0;
126049;0;0
143498;;
143132;;
117695;0;0
125765;0;0
117746;0;0
126058;0;0
129836;1;1
117689;0;0
126061;1;1
125800;0;0
125781;0;0
111412;1;0
126060;0;0
101976;1;1
125529;1;1
129843;0;0
100384;1;1
146783;;
125769;0;0
117710;0;0
126546;0;0
120754;1;0
123682;1;0
123001;0;0
143086;;
117752;0;0
125827;0;0
146767;;
143525;;
117758;0;0
125857;0;0
117721;0;0
125821;0;0
117430;0;0
125859;0;0
137703;0;
143503;;
137704;0;
123008;0;0
103124;1;1
125789;0;0
122217;0;0
125797;0;0
117760;0;0
100336;1;1
125868;0;0
137720;1;
122221;0;0
122234;1;1
119794;0;0
137716;1;
119789;0;0
119793;0;0
122233;0;0
122231;0;0
122230;0;0
122236;0;0
117787;0;0
123012;0;0
117152;1;0
143091;;
117138;0;0
117774;0;0
143514;;
99729;1;1
100369;1;1
111352;1;1
117781;0;0
117766;0;0
117764;0;0
144717;;
119786;1;1
122242;0;0
109181;1;1
109308;1;1
129124;0;0
117776;0;0
111882;1;1
113596;1;0
117247;0;0
119803;0;0
119807;0;0
137735;0;
110898;0;0
120623;1;0
117250;1;1
114426;1;0
114514;0;0
114438;0;0
114152;0;0
119826;0;0
112158;1;0
114450;0;0
114429;0;0
113935;0;0
113627;1;0
114507;0;0
117331;0;0
114458;0;0
137750;0;
114500;1;0
146796;;
114499;0;0
127057;1;1
139231;;
114014;0;0
119833;0;0
144718;;
137762;1;
126639;1;0
144719;;
137848;1;
139267;1;
117805;1;1
119878;0;0
119885;0;0
117813;0;0
127097;1;1
146839;;
144726;;
109788;0;0
131606;0;0
119851;0;0
137786;0;
139299;;
137781;0;
109669;1;1
109273;1;1
105957;1;1
144736;;
137779;0;
117823;0;0
109490;1;1
137778;1;
109329;1;1
103667;1;1
121547;0;0
139284;;
109637;1;0
119879;0;0
119873;0;0
137788;0;
108161;0;0
108966;0;0
116281;1;1
132892;0;
132877;0;
116306;0;0
146803;;
146807;;
137829;0;
108543;0;0
116293;0;0
137850;0;
126082;0;0
116287;0;0
139301;0;
137821;0;
137849;0;
137811;0;
107798;1;0
127225;1;0
116296;0;0
116307;0;0
119911;0;0
116329;0;0
116324;0;0
137819;0;
116309;0;0
126088;0;0
107800;1;0
139300;;
125714;1;1
112427;0;0
107486;1;0
126101;0;0
119933;0;0
132861;0;0
119917;0;0
119934;0;0
116339;0;0
139318;;
119916;0;0
119956;0;0
119906;0;0
119929;0;0
139338;1;
111862;1;0
108586;0;0
132851;1;
132881;0;
139335;;
146808;;
119967;0;0
108621;0;0
140477;;
132890;0;
132885;0;
144769;;
124395;1;1
139336;1;
146817;;
139342;0;
125893;0;0
134631;0;
139343;1;
132857;1;
139346;;
130047;0;0
143534;;
123382;1;1
125587;1;1
120090;1;1
134633;0;
134636;0;
105727;1;1
121522;1;1
105630;1;1
144773;;
144767;;
104906;1;1
119975;0;0
126396;0;0
134637;0;0
126111;0;0
126103;0;0
122197;1;1
132928;0;
119999;1;1
104657;1;1
132926;0;
139355;;
119978;0;0
108708;1;0
119981;0;0
129941;0;0
104362;1;1
117978;0;0
122998;0;0
104199;1;1
119962;1;1
104371;1;1
120017;0;0
126409;0;0
132921;1;
102464;1;1
132944;0;
139375;;
119883;1;1
137095;0;
139412;;
133031;0;
132953;0;
144817;;
139386;0;
132997;0;
139473;;
132980;0;
132966;0;
133986;0;
132947;1;1
122248;0;0
122256;0;0
122257;0;0
139391;;
133016;0;
139393;;
132986;0;
132950;0;0
139430;;
139410;0;
132981;0;
122284;1;0
146826;;
114638;0;0
122272;0;0
146853;;
132955;0;
122280;0;0
122264;0;0
122323;0;0
104443;1;1
133979;0;0
122265;0;0
139405;;
133978;0;
122268;0;0
122299;0;0
122314;0;0
132961;1;0
122316;0;0
104143;1;1
122331;0;0
125947;0;0
125982;0;0
125950;0;0
114341;0;0
144843;;
122347;0;0
132978;1;0
125968;0;0
139436;1;
132995;0;
133025;1;
122286;0;0
122294;0;0
114755;0;0
122340;0;0
133015;0;
133000;0;
126646;0;0
144853;;
113101;1;1
144848;;
139440;;
144893;;
133045;0;
144877;;
144880;;
144872;;
122308;0;0
122315;0;0
127422;0;0
122304;0;0
122313;0;0
134652;0;
144866;;
129143;0;0
133985;0;
126148;0;0
126395;1;0
139444;;
133989;0;
139449;;
126176;0;0
143558;;
126428;0;0
126164;0;0
126172;1;1
103612;1;1
126547;0;0
126647;0;0
133992;0;
134664;0;
126160;0;0
122412;0;0
125906;0;0
122362;0;0
125961;0;0
117548;0;0
117534;0;0
125965;0;0
117536;0;0
144887;;
123017;0;0
123023;0;0
120035;0;0
139479;0;
123022;0;0
123027;0;0
122401;0;0
133074;0;
133998;0;
146893;;
139501;;
125954;0;0
139486;;
139493;;
134000;0;0
139538;;
134010;0;
123034;0;0
134009;0;
125881;0;0
123033;0;0
122446;0;0
126155;1;1
125887;0;0
146896;;
125888;0;0
123049;0;0
122423;0;0
125959;0;0
122448;0;0
111865;0;0
122456;1;0
140575;;
126526;0;0
114445;0;0
133083;0;
122508;0;0
122425;0;0
123048;0;0
144907;;
122445;0;0
122444;0;0
122452;0;0
133090;0;
120033;0;0
122530;0;0
123055;0;0
123065;0;0
123053;0;0
133115;0;
134016;1;0
133096;0;
125924;0;0
118559;0;0
120036;0;0
123071;1;0
120052;0;0
122462;0;0
134032;0;
122467;0;0
122500;0;0
120045;0;0
129325;0;0
139534;;
134019;0;0
133132;0;
122491;0;0
120057;0;0
120047;0;0
125983;0;0
125995;0;0
126418;0;0
123094;0;0
126181;0;0
120054;0;0
122503;0;0
114315;0;0
117555;0;0
129141;0;0
129463;1;1
122479;0;0
139539;;
120076;0;0
134751;0;
117601;1;0
122605;0;0
120074;0;0
144938;;
133131;0;
139542;;
126751;0;0
126550;0;0
111169;0;0
117962;0;0
130510;1;0
122533;0;0
133124;0;
123093;0;0
123101;0;0
117862;0;0
119673;1;0
130234;0;0
134031;0;
120063;1;0
116590;1;0
122522;0;0
117866;0;0
122542;0;0
130467;0;0
130456;0;0
144934;;
117908;0;0
117211;0;0
123117;0;0
117910;0;0
144957;;
130404;0;0
113268;0;0
134052;0;
120769;1;0
117959;0;0
144949;;
117890;0;0
133142;1;
112147;0;0
110975;0;0
130400;0;0
120085;0;0
122564;0;0
141377;;
130392;1;0
120095;0;0
123121;0;0
144948;;
144971;;
123134;0;0
133159;1;
122572;0;0
117886;0;0
117893;1;0
123128;0;0
141268;1;
114308;0;0
122576;0;0
130259;1;0
111175;0;0
122620;0;0
124443;0;0
122592;0;0
133056;1;
122588;1;1
144984;;
134049;1;
134794;1;1
124567;1;0
111266;0;0
117957;0;0
108445;0;0
144975;;
122619;1;0
116369;0;0
133991;0;
122595;0;0
116379;0;0
116396;0;0
116390;1;0
116395;0;0
108963;0;0
108661;0;0
108677;0;0
108675;0;0
122607;0;0
144993;;
126865;0;0
108456;0;0
144985;;
115939;1;0
146930;;
122611;0;0
108774;0;0
108745;0;0
129154;0;0
123152;0;0
123156;0;0
112999;0;0
126882;0;0
113237;0;0
116214;0;0
108731;0;0
108551;0;0
135411;1;
135378;1;
111181;0;0
111094;0;0
144997;;
107093;1;0
112278;1;0
124555;0;0
123883;1;1
111919;0;0
123816;1;1
123663;1;1
123480;1;0
122643;0;0
134641;1;
111373;0;0
111951;0;0
123198;1;0
138444;;
123176;1;0
138445;;
129483;0;0
123203;0;0
123178;0;0
122677;0;0
122641;1;0
107261;0;0
138448;0;
107082;1;0
138453;;
129768;0;0
129624;0;0
111853;1;1
134962;1;
122567;1;1
107330;1;1
138457;0;
123252;0;0
138454;;
106821;1;1
132383;1;
123215;0;0
122668;0;0
123270;0;0
106617;1;0
123238;0;0
120366;1;1
114540;0;0
132759;1;
119775;1;1
132678;1;
123223;0;0
123240;0;0
122688;0;0
129155;0;0
138495;;
103117;1;1
103421;1;1
134051;0;
137869;0;
131807;1;1
120727;1;1
114415;0;0
124790;1;0
114487;0;0
114586;0;0
130254;1;1
116121;1;1
137889;0;
126897;1;1
137903;0;
135278;1;1
114476;1;0
114603;0;0
137908;0;
120135;0;0
120149;0;0
137911;0;
108672;1;0
123293;0;0
120164;0;0
123233;1;1
119092;1;1
114386;1;0
117759;1;1
138473;0;
120177;0;0
126196;1;0
126193;0;0
126481;1;0
137922;1;
126183;1;1
120171;0;0
129411;1;1
138488;;
130839;1;1
131860;1;1
123290;0;0
120094;1;1
123263;0;0
121569;0;0
126191;1;1
120180;0;0
120197;0;0
116273;0;0
125312;1;1
113850;1;1
120182;0;0
108318;1;1
125061;1;1
137943;0;
124522;1;1
123314;1;1
125472;1;1
111788;1;1
111635;1;1
111289;1;1
120199;0;0
111440;1;1
104754;1;1
126446;1;0
104577;1;1
138501;;
137967;0;
122364;1;1
137972;0;
109794;1;1
111125;1;1
111280;1;1
110704;1;1
140846;;
129464;0;0
104915;1;1
122695;0;0
122699;0;0
123283;0;0
137958;0;
122692;0;0
123282;0;0
120218;0;0
122126;1;1
138510;;
123326;0;0
120216;1;1
109482;1;1
126445;1;0
126203;0;0
138002;1;
125002;1;0
126235;1;0
120241;0;0
120238;1;0
126551;0;0
109791;1;1
126216;1;1
120226;1;0
126005;0;0
126000;0;0
125941;0;0
125997;0;0
107132;1;1
137997;0;
123307;0;0
143126;0;
123321;0;0
123323;0;0
143156;;
126013;0;0
143123;;
126017;0;0
126014;0;0
126249;0;0
122213;1;1
121917;1;1
138533;0;
126219;1;1
126471;0;0
126474;0;0
126245;1;1
126225;0;0
140601;0;
126228;1;0
126475;0;0
138006;1;
122705;1;1
126036;0;0
126263;0;0
126029;0;0
146911;;
126030;0;0
126247;0;0
105628;1;1
120255;0;0
120257;0;0
126037;1;1
138545;;
126490;0;0
126292;0;0
126044;0;0
123328;0;0
126043;0;0
123350;1;1
138547;;
122719;0;0
114843;0;0
115065;0;0
122737;0;0
123298;1;1
122734;1;0
117317;1;1
118074;1;1
118085;0;0
117933;0;0
111495;1;0
122732;0;0
138009;1;
115710;1;1
113294;1;1
122728;0;0
118083;0;0
138553;;
138083;0;
138055;0;
138550;;
117842;0;0
120266;0;0
114359;1;0
122740;0;0
120267;0;0
122750;0;0
122799;0;0
122754;0;0
117877;0;0
105924;1;1
119314;1;1
118902;1;1
126302;0;0
112036;0;0
117277;0;0
112335;0;0
103357;1;1
138114;1;
117841;0;0
112160;0;0
114898;1;0
138631;;
122782;0;0
102999;1;1
122763;0;0
126270;0;0
106083;1;1
117341;0;0
102789;1;1
134080;0;
114468;1;0
138068;1;
114485;1;0
138066;1;
107123;1;1
101160;1;1
122808;0;0
146945;;
129634;0;0
117722;1;1
138660;0;
117342;1;1
116317;1;1
138579;;
102857;1;1
138099;0;
112058;0;0
112033;0;0
120274;0;0
120280;0;0
120275;0;0
120277;0;0
111699;0;0
119546;1;1
102412;1;1
138113;0;
114413;1;1
120296;0;0
120300;0;0
122821;1;1
120303;0;0
120302;0;0
138583;;
113897;1;1
116432;1;1
112793;0;0
138121;0;
122845;1;1
102332;1;1
112461;1;1
122850;1;1
116388;1;1
122852;0;0
122839;0;0
138123;1;
111596;1;1
138592;0;
138125;1;
129642;1;1
122842;1;0
122848;0;0
143573;;
122847;0;0
120307;0;0
115215;1;1
146878;;
146910;;
122922;0;0
146969;;
99456;1;1
138604;0;
114613;1;1
99535;1;1
120309;1;0
122885;0;0
116420;0;0
116413;0;0
116410;0;0
114580;1;1
116414;0;0
108738;0;0
113801;1;1
138141;1;
116428;0;0
122888;0;0
116425;0;0
116422;0;0
116424;0;0
138136;0;
112198;0;0
105230;1;0
138170;0;
116469;0;0
116453;0;0
113766;1;1
113157;0;0
112374;1;1
116451;0;0
116470;0;0
108602;0;0
116473;0;0
112471;0;0
116478;0;0
116462;0;0
138612;;
107060;1;1
112812;0;0
109029;0;0
122957;0;0
122894;0;0
116483;0;0
116517;0;0
112564;0;0
129339;1;1
116500;0;0
116465;1;0
108233;0;0
112493;0;0
116581;0;0
138174;0;
116580;0;0
109108;0;0
122893;1;1
116657;1;1
105592;1;1
122905;0;0
138627;;
116551;1;0
116563;0;0
138654;;
116549;0;0
116575;0;0
116670;1;1
116660;0;0
122902;0;0
122898;0;0
116630;0;0
102982;1;1
112310;1;1
138683;;
138232;0;
134723;1;
122917;0;0
116605;0;0
112633;1;1
116600;0;0
116589;0;0
108608;0;0
122931;0;0
138192;0;
116639;0;0
125902;0;0
116675;0;0
109163;1;0
134043;0;
116683;0;0
116667;0;0
116690;0;0
122965;0;0
122976;0;0
126320;0;0
138704;;
126276;0;0
138687;;
111146;1;1
102840;1;1
134085;0;
126142;1;1
100478;1;1
134700;1;0
134697;0;
110983;1;1
127469;1;0
129129;1;1
125064;1;1
134139;0;
134101;0;
110907;1;1
128859;0;0
103085;1;1
133178;0;
133182;0;
133193;0;
133199;0;
133203;0;
133192;0;0
133196;0;
133191;0;
138690;;
126814;0;0
138691;1;
133220;0;0
138657;0;
133209;0;
120123;1;1
134041;0;
134703;0;
134728;0;
138291;1;
138344;0;
134736;0;
138292;0;
134725;0;
126556;0;0
126555;0;0
123424;1;1
122770;1;1
123822;1;1
134750;0;
126643;0;0
126576;0;0
127128;1;1
133237;0;
133253;0;
123148;1;1
133235;1;1
120088;1;1
134093;1;
122380;1;1
126761;1;1
121040;1;1
122310;1;1
128845;0;0
128849;0;0
133259;0;
122320;1;0
123087;1;1
134050;1;
119386;1;1
123036;1;1
134057;0;
126579;0;0
118098;1;1
116162;1;1
126569;0;0
126605;1;1
134740;0;
133282;0;
126632;1;0
133269;0;
134716;0;
126618;0;0
147049;;
109812;1;1
146923;;
120483;1;0
115410;1;1
126626;0;0
126692;0;0
126711;0;0
126696;1;0
126779;0;0
126725;0;0
126713;1;1
126732;1;0
118592;0;0
133280;0;
120367;0;0
128870;1;1
126701;0;0
126703;0;0
112218;1;1
126747;0;0
111642;1;1
126705;0;0
120659;0;0
117322;1;1
128886;1;0
120712;0;0
120426;0;0
120554;0;0
126755;0;0
112128;1;1
139348;;
146927;;
111340;1;1
106722;1;1
126763;0;0
133283;0;
133288;0;
134125;0;
138967;;
128857;0;0
146819;;
128865;0;0
111564;1;1
120389;0;0
134138;0;
134123;1;
128938;0;0
126830;0;0
126872;0;0
126841;0;0
128866;0;0
99991;1;1
126859;0;0
126876;0;0
109160;1;1
133293;1;
126839;0;0
119583;0;0
134156;0;
125676;0;0
128888;0;0
116438;1;1
108383;1;1
126850;0;0
126842;0;0
108848;1;1
108804;1;1
108570;1;1
106477;1;1
133260;0;
134731;0;
126844;1;0
128889;1;1
123649;1;1
129350;0;0
126895;1;0
126892;0;0
133298;0;
108910;1;1
133322;1;0
128960;0;0
134735;0;
133335;0;
146943;;
134746;0;
114402;1;1
138669;0;
100559;1;1
111046;1;1
114824;1;1
110363;1;1
108311;1;1
114997;1;1
128916;0;0
133337;1;
128899;0;0
126885;1;0
128902;0;0
133321;0;
134753;1;
134151;0;0
128906;0;0
113432;1;1
126899;0;0
144648;;
134760;0;
126903;0;0
134180;0;
134773;0;
127109;0;0
126906;0;0
126901;0;0
127508;0;0
118279;0;0
126912;0;0
118632;0;0
129485;0;0
118674;0;0
133344;0;
133346;1;
133359;0;
133367;0;
105209;1;1
128959;1;1
128915;0;0
104889;1;1
104846;1;1
118569;0;0
118376;1;0
145004;;
118405;0;0
118393;0;0
118527;0;0
118539;0;0
145020;;
145022;;
133375;0;
118564;0;0
118567;1;0
121719;1;0
145027;;
145015;;
118417;1;1
117324;1;1
104464;1;1
104381;1;1
118328;0;0
133392;0;
120391;1;1
133374;0;
122783;0;0
114313;1;0
104135;1;1
129369;0;0
102961;1;1
133358;0;0
134768;0;
134777;0;
146976;;
112824;1;1
111334;1;1
134127;0;0
103750;1;1
125704;0;0
103395;1;1
146957;;
133386;0;0
126933;0;0
126934;0;0
126932;0;0
118330;0;0
143152;;
133427;0;
118436;0;0
134185;0;
120008;1;1
133396;1;
128948;0;0
128949;0;0
128982;0;0
133437;0;
126023;0;0
134195;1;
134192;0;0
102612;1;1
101201;1;1
135959;0;
128939;0;0
128942;0;0
134178;1;
133402;0;
127143;1;1
134189;1;1
143157;;
143159;;
128945;0;0
130598;0;0
126947;0;0
133416;1;
126948;0;0
145045;;
129640;0;0
126929;0;0
145046;;
134207;0;
133415;0;
134247;1;
126970;0;0
126930;0;0
133422;0;0
133439;0;
129534;0;0
129537;0;0
129542;0;0
129544;0;0
145056;;
133438;0;
129546;1;0
129529;0;0
129545;0;0
129548;1;0
134215;0;
141055;1;
145055;;
129559;0;0
129563;0;0
129566;0;0
121334;0;0
118608;0;0
129570;0;0
134282;0;
146987;;
134223;0;
129433;0;0
127026;0;0
127056;0;0
127107;0;0
127173;0;0
127030;0;0
127185;0;0
129381;1;1
121549;0;0
129379;0;0
129583;0;0
140611;1;
134226;1;
134230;1;
129646;0;0
146990;;
129580;0;0
127072;0;0
129654;0;0
147011;;
147030;;
128926;0;0
127038;0;0
134233;0;
134234;0;
129656;0;0
129237;0;0
127002;0;0
129201;0;0
129202;0;0
129191;0;0
129195;0;0
127023;0;0
134238;0;
126993;0;0
123440;1;0
129215;0;0
129527;0;0
127005;0;0
127011;0;0
129019;0;0
129530;0;0
129238;0;0
121545;0;0
129003;1;1
124823;0;0
128998;0;0
127113;0;0
147018;;
147007;;
133496;0;
129192;0;0
127120;0;0
127121;0;0
134248;0;
120880;0;0
121118;0;0
145081;;
129011;0;0
120896;0;0
129408;0;0
120784;0;0
129198;0;0
129441;0;0
127156;1;1
127222;0;0
127240;0;0
145210;;
145225;;
129037;0;0
127221;0;0
147036;;
145089;;
129412;1;0
120359;0;0
127230;0;0
129036;0;0
129042;0;0
129410;1;0
127238;1;0
147046;;
147071;;
127261;0;0
122796;1;0
127253;0;0
147057;;
127276;0;0
129605;0;0
127324;0;0
127332;0;0
127282;0;0
143181;0;
129268;0;0
127349;0;0
127301;0;0
127299;0;0
127333;0;0
129558;0;0
147044;;
129552;0;0
127380;0;0
129041;0;0
143198;;
129280;1;1
127416;0;0
108851;1;1
107997;1;1
147065;;
127443;0;0
126343;1;0
109712;1;1
127429;0;0
129047;0;0
127433;0;0
127432;0;0
119070;0;0
113619;1;1
127428;0;0
145153;;
114598;1;1
129049;0;0
129061;1;1
138912;;
129279;1;0
118622;1;0
147083;;
147105;;
129304;0;0
127446;0;0
120875;1;0
120592;0;0
129056;0;0
127451;0;0
118949;0;0
129618;0;0
145151;;
108325;1;1
147072;;
129298;0;0
137284;0;
147106;;
129100;0;0
129170;1;1
129292;0;0
147077;;
103591;1;1
147126;;
107960;1;1
107046;1;1
147079;;
145110;;
107124;1;1
141921;;
141907;;
140869;;
143188;;
140599;;
140650;;
129740;1;1
127199;1;1
143191;;
134255;0;0
119187;1;1
118255;1;1
145112;;
143210;;
127019;1;1
135986;0;
136010;0;
143204;;
129796;0;0
141933;;
113660;1;1
141976;;
102973;1;1
107095;1;1
100428;1;1
129790;0;0
134250;0;
129817;1;1
147103;;
129811;0;0
107265;1;1
129853;0;0
129819;0;0
129842;0;0
129824;0;0
141957;;
129825;0;0
133952;0;
129850;0;0
141964;;
127386;0;0
121211;0;0
143239;;
121090;0;0
133537;1;1
104866;1;1
133529;0;
133538;1;1
141895;;
129910;0;0
129912;0;0
129901;0;0
143592;;
129900;0;0
143588;;
123944;1;1
141982;0;
143599;;
129934;0;0
141992;;
134280;1;
122104;1;0
130008;0;0
139026;1;
143697;;
143237;;
143605;;
134296;1;
129979;0;0
134304;0;
133511;0;
133513;1;
133503;0;
133514;0;0
133501;0;
133512;0;0
130031;0;0
129988;0;0
141997;;
133522;0;0
143620;;
143624;;
133555;0;
147147;;
133543;0;
141987;;
121559;1;1
112285;1;1
142010;;
109512;1;1
130043;1;0
121544;0;0
121575;0;0
113411;1;1
130066;0;0
110124;1;1
147124;;
147129;;
130110;0;0
130090;0;0
147127;;
130118;0;0
130112;1;1
130034;1;0
145172;;
135949;0;
130010;0;0
142013;1;
145134;;
130080;1;1
108716;1;1
142009;;
130096;0;0
133540;0;
108756;1;1
108576;1;1
142048;1;
106439;1;1
130166;0;0
142030;;
147159;;
133549;0;
134343;1;
130140;1;1
130148;1;1
130150;0;0
147137;;
130157;1;0
133612;0;0
133576;0;0
147152;;
147158;;
147155;;
142038;;
142039;;
108538;1;1
133557;0;
143664;;
133567;1;
129940;0;0
147148;;
133578;0;
130170;0;0
142049;;
130107;0;0
134328;0;
130094;0;0
134361;0;
134329;0;
130275;0;0
107329;1;1
130267;0;0
142050;;
135126;1;0
142045;;
145183;;
133615;1;
130204;0;0
133619;0;0
130223;0;0
143637;;
133617;0;
123956;1;1
134384;0;
130280;0;0
130272;1;0
130270;0;0
130260;0;0
134360;0;0
142065;;
130295;0;0
130296;0;0
130427;0;0
133659;1;
130348;1;1
130321;0;0
130355;0;0
130408;1;1
130394;0;0
133694;1;0
133641;0;
130450;0;0
114134;1;1
142063;;
147167;;
147179;;
103916;1;1
142069;;
133656;0;
142070;;
134378;0;
134377;0;
134398;0;
147177;;
111408;1;1
142072;;
134409;0;
134424;0;
133683;0;
134407;0;
125611;1;1
134418;0;
134400;1;
134406;1;
118533;1;1
130612;0;0
134430;0;
130549;0;0
130491;0;0
130497;0;0
134403;0;
140635;;
140872;;
130492;0;0
128996;1;1
130502;0;0
140873;;
112303;1;1
142088;;
109459;1;1
133723;1;
130569;0;0
121543;0;0
130558;0;0
108312;1;1
142105;;
122044;1;0
127477;0;0
130603;0;0
130600;0;0
140657;;
140636;;
130621;0;0
130679;0;0
142098;;
133696;0;
130616;1;0
142115;;
130620;1;1
142125;;
130648;0;0
130655;0;0
133704;1;
130719;0;0
145207;;
130720;1;1
134447;0;
133709;0;
130747;0;0
130730;0;0
133710;0;
130738;0;0
134456;0;
134455;0;
134561;0;
130796;0;0
133718;1;
133733;0;
134497;0;
142160;1;
134474;0;
134475;0;0
133782;0;
134469;0;
134487;0;
130824;0;0
130825;1;0
134507;0;
142151;;
130847;0;0
130882;1;0
130866;0;0
130880;0;0
130868;1;1
130901;1;0
130887;1;1
122223;0;0
123787;1;0
134489;1;
130914;1;1
130925;0;0
130923;0;0
133771;0;
130904;1;1
130954;0;0
130968;0;0
133796;0;0
130955;0;0
111817;1;0
130980;0;0
120786;0;0
130956;0;0
130950;0;0
134524;0;
142164;;
142165;;
129748;1;0
133797;1;
124967;1;1
130997;0;0
125259;0;0
134532;0;
142174;;
130981;1;1
130983;1;1
116412;1;1
108214;1;1
122443;1;0
131001;0;0
131009;0;0
142222;1;
120640;1;1
142243;;
134528;0;
131031;1;0
131016;0;0
127029;0;0
131051;0;0
142185;;
131049;1;1
131062;1;1
142197;;
131046;0;0
117516;1;1
116609;1;1
115892;1;1
115829;1;1
143672;;
117679;1;1
131079;0;0
131064;0;0
131060;0;0
142229;;
142202;;
138735;1;
131090;0;0
131106;1;0
137275;0;
131105;1;1
131111;0;0
131121;0;0
138063;0;
131124;0;0
138911;;
142241;;
130145;1;1
108170;1;1
130375;1;1
134549;1;1
122270;1;1
133029;0;
132146;1;
133059;1;
133011;0;
134939;0;
142277;;
131190;1;1
142266;;
131175;0;0
131221;1;1
131183;0;0
131178;0;0
99875;1;1
142265;;
145238;;
145239;;
131248;0;0
131239;0;0
131250;0;0
132902;0;
134511;1;0
132959;1;
131256;0;0
131266;0;0
133805;0;0
133811;0;
133821;0;0
133834;0;0
133827;0;0
133851;0;0
124153;1;0
124948;0;0
134563;0;
145237;;
133840;0;0
120713;0;0
123852;1;1
127922;1;1
134596;1;
134577;0;0
122293;1;1
138694;;
123383;1;1
126352;1;1
125774;1;1
125651;1;1
123196;1;1
120101;1;1
117348;1;1
111459;1;1
122948;1;1
131283;0;0
131291;1;0
122262;1;1
131273;0;0
133872;1;
134598;0;
131314;0;0
134580;1;
131313;0;0
131322;0;0
131320;0;0
131323;0;0
145263;;
125432;1;1
124332;0;0
138688;;
136550;1;1
127866;1;1
136640;1;1
123485;1;1
122387;1;1
145253;;
131392;0;0
133906;0;
131391;1;0
133862;1;
133880;0;
131399;0;0
128986;1;1
123364;1;1
127031;0;0
131396;0;0
145266;;
133909;1;
131712;1;1
114712;0;0
129274;1;0
131461;0;0
126562;1;1
133924;0;
125776;0;0
127454;0;0
120815;1;1
131490;0;0
134601;0;
127805;0;0
116408;1;1
133931;0;
133927;0;
122464;1;1
131527;0;0
102826;1;1
100150;1;1
119210;1;1
120290;1;1
119204;1;1
131558;0;0
143692;;
119739;1;1
131550;0;0
122776;1;1
134610;0;
107035;1;1
143675;;
130936;1;1
123007;1;1
131565;0;0
147188;;
147191;;
127184;0;0
127091;0;0
113602;1;1
113312;1;1
110317;1;1
104618;1;1
113309;1;1
109314;1;1
123039;1;1
140661;;
127095;1;1
145300;;
147214;;
119062;1;1
121171;1;0
109244;1;1
112169;1;1
111275;1;1
108163;1;1
107522;1;1
111793;1;1
133960;0;
131368;0;0
106290;1;1
106979;1;1
106109;1;1
105524;1;1
147196;;
133942;0;
133951;0;0
133943;0;
134614;1;
133953;0;
145328;;
145329;;
147180;;
140644;;
145342;;
147201;;
106465;1;1
147207;;
134619;0;
147219;;
147169;;
147243;;
137452;0;
147253;;
108123;1;1
106404;1;1
106321;1;1
138697;0;
99441;1;1
132897;1;
126199;1;1
145352;;
136100;0;
136382;1;
103007;1;1
105442;1;1
147220;;
147221;;
135966;0;
135969;0;
135064;1;
133138;1;
136014;0;
134782;1;1
135945;0;
127145;0;0
127071;0;0
130933;1;1
127410;1;1
131204;1;1
132325;1;1
126957;1;1
128481;1;1
127873;1;1
125608;1;1
119905;1;1
129437;1;1
115381;1;1
139550;;
114770;1;1
139549;;
139540;;
139553;;
139558;;
139578;;
139585;;
122329;1;1
139616;;
139617;;
120719;1;1
123349;1;1
139689;1;
139663;1;
139651;1;
138706;;
131271;0;0
121813;1;1
139601;;
131103;0;0
139665;;
131084;0;0
139647;;
139684;1;
120002;1;1
131338;0;0
113671;1;1
113648;1;1
139624;;
139817;1;
139633;;
139850;;
138420;0;
139872;;
139816;;
114547;1;1
114522;1;1
139704;;
131667;1;1
130964;1;0
130893;1;1
139715;;
138269;0;
139824;1;
113848;1;1
138240;0;
138235;0;
138311;0;
138375;0;
139900;;
138742;0;
130662;0;0
138733;;
139831;;
110202;1;1
139849;;
138255;0;
138253;0;
138243;0;
138254;0;
130939;1;0
138314;0;
138276;0;
139712;0;
138304;0;
139713;;
138364;0;
131507;0;0
138287;0;
130611;1;0
139856;;
135159;0;0
138286;1;
138744;0;
130842;0;0
130594;0;0
129382;0;0
129852;0;0
130619;1;0
130680;0;0
138338;1;
139724;;
145369;;
130725;1;1
130673;0;0
130767;0;0
138331;0;
130794;0;0
138342;0;
130789;1;0
139728;;
147210;;
138379;0;
147211;;
130836;1;0
130609;1;1
130851;0;0
130203;1;0
138367;1;
130841;1;0
138390;0;
134337;1;0
130236;1;1
129376;1;1
139753;;
129504;1;1
138760;0;
129374;1;1
130506;1;1
123147;1;1
139754;;
107595;1;1
147259;;
147251;;
107604;1;1
126963;1;1
122367;1;1
119728;1;1
122346;1;1
114422;1;1
107306;1;1
121058;1;1
116693;1;1
139761;0;
114078;1;1
117916;1;1
107103;1;1
136530;0;0
107689;1;1
107164;1;1
115292;1;1
110455;1;1
145390;;
110079;1;1
145377;;
138774;;
108326;1;1
138777;;
139784;;
147303;;
139814;;
127740;1;0
106387;1;1
139789;0;
139770;;
139797;;
139804;;
139773;;
139771;;
147267;;
139788;;
147340;;
111268;1;1
110153;1;1
100885;1;1
143662;;
147316;;
147299;;
147348;;
147349;;
145379;;
145389;;
104285;1;1
104368;1;1
136078;0;
136067;0;
136080;0;
147302;;
136096;1;
136111;0;0
136085;0;
145411;;
126900;1;1
127672;0;0
127394;0;0
147322;;
127364;0;0
145421;;
127641;1;0
145435;;
127327;0;0
127384;0;0
145449;;
127728;0;0
147342;;
123621;1;0
147352;;
138791;1;
138794;;
102473;1;1
101526;1;1
145425;;
145461;;
106751;1;1
145431;;
101831;1;1
145432;;
145451;;
106685;1;1
145491;;
145524;;
120751;1;1
124937;1;0
123420;1;1
107192;1;1
147364;;
103720;1;1
103832;1;1
105639;1;1
105598;1;1
106088;1;1
145462;;
145484;;
145550;;
145539;;
145556;;
102024;1;1
100755;1;1
100323;1;1
145547;;
100126;1;1
143717;;
102782;1;1
99565;1;1
147383;;
105261;1;1
100860;1;1
147454;;
145578;;
131200;1;1
140671;0;
108287;1;1
140004;;
142280;0;
142408;;
142370;;
142281;;
142285;;
142292;;
142289;;
147387;;
147459;;
142366;;
142402;;
142304;0;
145610;;
142322;;
142396;;
126528;1;1
138423;0;
145615;;
147476;;
148092;;
148098;;
148102;;
142378;;
142414;0;
139925;1;
147412;;
147414;;
142368;;
142415;;
142419;;
147489;;
148093;;
148104;;
142351;;
147495;;
139991;0;
147415;;
133832;1;0
131179;1;0
147482;;
131172;1;1
127425;1;1
125960;1;1
118273;1;1
148128;;
138391;0;
138392;0;
145625;;
142453;;
140011;;
139932;;
139934;0;
131599;0;0
124933;1;1
139951;;
122010;1;1
139958;;
124372;1;1
126600;1;0
129793;0;0
145673;;
145692;;
145686;;
145696;;
138809;;
107523;1;1
143719;;
142432;;
145667;;
138800;;
142436;;
142437;;
142427;0;
145664;;
145663;;
145670;;
138837;;
131635;0;0
142428;;
142444;0;
138813;;
142440;;
138405;1;
142434;0;
138409;0;
142445;;
138411;0;
142457;;
129763;1;1
129773;0;0
132515;0;0
136165;0;
138424;0;
140012;;
138430;1;
140677;0;
131915;0;
136206;0;0
145654;;
133776;0;
138429;0;
129033;0;0
132300;0;
130344;1;0
136155;0;
136150;0;
138817;;
127732;0;0
138824;;
129767;0;0
129717;0;0
136215;0;
131748;0;0
136186;0;
129840;0;0
131237;0;0
136134;0;
122289;1;1
121082;1;1
129728;0;0
136236;0;
136216;1;
117878;1;1
140031;;
136253;0;
136270;0;
136229;0;
140681;;
120901;1;1
117825;1;1
127675;0;0
136240;0;
136227;0;
136500;0;
140113;;
136597;1;
136232;1;1
136201;0;
141071;1;
120949;1;1
136200;1;
112098;1;1
108924;1;1
104366;1;1
102867;1;1
136669;0;
141305;0;
136280;1;
136278;0;
136167;1;
136356;0;
136295;1;
140066;;
140048;;
140903;1;
136320;0;
99944;1;1
126837;1;1
136383;0;0
136473;0;
125364;1;1
136370;0;
148131;;
136164;1;1
130445;1;1
143698;;
136443;0;
132466;1;
136340;0;
136410;0;
136357;0;
136483;0;
135156;0;
124562;1;1
112729;1;1
136378;0;
148139;;
136364;0;
136391;1;0
136392;1;0
136388;0;
136400;0;0
127295;1;0
136396;0;
136405;1;
136428;0;
140104;;
147514;;
114205;1;1
113938;1;1
113540;1;1
136546;0;
136520;1;
140052;0;
136437;1;
118692;1;1
118238;1;1
140083;0;
118410;1;1
113028;1;1
136490;0;
136411;0;
136499;0;
136450;1;
131619;0;0
103009;1;1
108184;1;1
140690;;
113903;1;1
140061;;
117399;1;1
140688;;
136523;0;
114593;1;1
110643;1;1
117189;1;1
112781;1;1
113467;1;1
107695;1;1
136561;0;
136567;0;0
114684;1;1
118840;1;1
145746;;
114068;1;1
117328;1;1
112770;1;1
110743;1;1
136571;0;
147544;;
136607;0;
127737;0;0
136609;0;
145720;;
136581;0;0
145750;;
136639;1;
136636;0;
136629;0;
136638;0;
140380;;
140382;0;
140379;;
140377;;
131268;0;0
131267;0;0
140381;;
112023;1;1
140387;;
140386;;
136663;0;
136671;0;
124494;1;0
109575;1;1
148159;;
147513;;
140064;;
140073;0;
140392;;
147500;;
147502;;
140076;;
127930;0;0
140078;;
136717;1;
112265;1;1
110718;1;1
110678;1;1
109030;1;1
140402;;
145736;;
130423;1;0
109941;1;1
109816;1;1
140723;;
109477;1;1
109203;1;1
104462;1;1
137309;0;
147536;;
131747;0;0
147515;;
108763;1;1
131477;0;0
147529;;
145703;;
108430;1;1
145716;;
145759;;
140418;0;
140420;0;
145753;;
131761;0;0
131813;0;0
136090;0;0
143721;;
140187;0;
136094;0;0
140159;;
145767;;
131578;0;0
145762;;
140235;;
147526;;
140233;;
147535;;
140123;;
134525;1;0
131462;0;0
131145;0;0
131076;0;0
131742;1;1
140499;0;
140125;;
145790;;
140223;;
145776;;
140147;;
131739;1;0
145777;;
130736;1;1
124509;1;1
140219;0;
147539;;
147541;;
147545;;
148160;;
131473;0;0
127618;1;0
127862;1;0
131048;1;1
140455;;
131038;0;0
130928;0;0
128514;1;1
110525;1;1
140709;;
127839;1;1
123499;1;1
140710;;
140433;;
140191;;
140190;;
140148;;
119274;1;1
120865;1;1
117290;1;1
102524;1;1
140783;;
101681;1;1
147568;;
148196;;
104639;1;1
140730;;
147605;;
145874;;
147574;;
148192;;
147607;;
147637;;
147709;;
147659;;
145832;;
145846;;
145836;;
148197;;
148232;;
145896;;
148385;;
148393;;
148397;;
145859;;
148228;;
148390;;
148213;;
148252;;
148392;;
148429;;
148440;;
148441;;
148422;;
145862;;
147664;;
140196;;
120466;1;1
148310;;
148244;;
142473;;
142492;;
145911;;
142524;;
145875;;
148251;;
142467;0;
126362;1;1
145876;;
142497;;
142481;1;
142490;;
142486;;
142535;;
147686;;
139080;;
136699;1;
136708;1;
136718;1;
140421;;
136694;0;
136703;0;
136689;0;
142521;;
148476;;
136760;0;
145922;;
147675;;
145883;;
142537;;
142526;;
136754;0;
142508;;
143255;;
143313;;
136805;0;
148465;;
138858;;
136861;0;
148268;;
136870;0;
136875;0;
136925;0;
136903;0;
143246;;
143251;;
143254;;
143747;;
134879;0;
136912;0;
136962;0;
136945;0;
136956;1;
136999;0;
136951;0;
136998;0;
136953;0;
148271;;
147662;;
148462;;
142621;;
142548;;
143253;;
136970;0;
136977;1;
136966;0;
136984;0;
136973;1;
137016;0;
143247;;
136979;0;
137030;0;
137013;0;
136995;0;
136987;0;
137027;0;
142588;;
143273;;
143252;;
145980;;
143244;;
137085;0;
127127;1;1
143757;;
143758;;
143763;;
140424;0;
127365;0;0
145957;;
145977;;
143290;;
143807;;
142563;;
143790;;
143793;;
143798;;
143782;;
143802;;
143815;;
134897;0;
143792;;
143801;;
143791;;
143854;;
143303;1;
143768;;
145930;;
145961;;
143863;;
145937;;
145947;;
138968;;
145963;;
140760;;
140748;;
143861;;
140238;;
142585;;
143769;;
143831;;
143302;;
143771;;
143778;;
143821;;
143824;;
142602;0;
140733;;
147679;;
140456;;
148293;;
107975;1;1
102785;1;1
140741;;
140272;;
140269;;
140251;;
145975;;
140264;;
140246;;
140266;;
140504;;
145999;;
145982;;
148309;;
148292;;
140278;0;
140277;;
143305;;
142619;;
143812;;
124826;1;1
148498;;
140492;;
140750;;
123597;1;1
147704;;
140279;0;
140472;;
147705;;
140796;;
148296;;
148484;;
134971;0;
143850;;
143864;;
140494;;
140812;;
142599;0;
140520;1;
140288;;
126493;1;0
146067;;
146055;;
140510;;
142600;;
140577;0;
145993;;
145994;;
145991;;
148303;;
147721;;
148489;;
146058;;
147723;;
148322;;
140540;;
148306;;
147727;;
131604;0;0
131515;0;0
148308;;
118010;1;1
115615;1;1
140316;;
140523;;
147738;;
133464;1;1
142654;;
140529;;
140818;1;
140842;;
140844;;
140336;;
140364;;
146096;;
131389;0;0
131472;1;1
101784;1;1
147739;;
140352;0;
140360;;
148324;;
131516;0;0
133605;1;0
146074;;
140349;;
146150;;
146136;;
146155;;
131478;0;0
146094;;
142659;;
146098;;
146089;;
146080;;
146079;;
131264;0;0
146160;;
148380;;
148330;;
148342;;
148359;;
110889;1;1
108921;1;1
105079;1;1
146104;;
146135;;
147755;;
142631;1;
142668;;
140833;;
140807;;
140827;;
140537;;
140539;1;
136724;1;
142686;1;
147749;;
142665;;
148337;;
135110;0;
113739;1;1
136917;1;
138907;;
142646;;
137567;0;
142666;;
142376;1;
99284;1;1
148357;;
142679;;
147765;;
148339;;
147766;;
138831;;
144090;;
136845;1;
148360;;
148367;;
143871;;
136955;1;
143315;;
143884;;
114758;1;1
148371;;
148370;;
138876;0;
136922;1;
144001;;
138883;;
142687;;
142721;;
142729;;
147774;;
142695;;
142693;;
142708;;
136824;1;
100489;1;1
99999;1;1
142699;;
113190;1;1
142732;;
137348;1;
117445;1;1
147776;;
142712;;
113339;1;1
130103;1;1
136844;1;
142731;0;
147861;;
147798;;
147811;;
147817;;
147840;;
147803;;
147807;;
142749;;
146180;;
147816;;
147819;;
146216;;
142755;;
143329;0;
143338;;
142738;;
136833;1;
147832;;
142748;;
146300;;
146166;;
146191;;
142765;;
146224;;
134039;1;
146204;;
146211;;
143875;;
147867;;
142769;;
146227;;
147885;;
147892;;
146251;;
143870;;
135030;1;
143326;;
137314;0;
146252;;
142899;;
143897;;
133221;1;1
142871;;
136574;1;
142780;;
137573;0;
146375;;
146253;;
146374;;
146398;;
146303;;
146304;;
142815;0;
142810;0;
146282;;
147887;;
142846;;
142808;0;
143009;;
143354;;
105191;1;1
142823;;
147896;;
125993;1;1
123627;1;1
122288;1;1
120898;1;1
116953;1;1
142817;;
142811;;
133824;0;
146284;;
103079;1;1
146301;;
142831;;
142826;1;
146353;;
147908;;
147919;;
146392;;
146336;;
147900;;
146329;;
147903;;
148436;;
148435;;
124508;1;1
111963;1;1
110196;1;1
133086;1;
146470;;
146371;;
146424;;
147982;;
137300;1;
137188;1;
146462;;
146511;;
146407;;
146454;;
120938;1;1
120823;1;1
140914;;
140992;;
143370;;
143393;;
140920;;
120947;1;1
117602;1;1
147938;;
146401;;
146397;;
147946;;
116476;1;1
146393;;
132488;0;
147960;;
133712;1;
142906;;
142878;;
147967;;
113543;1;1
147971;;
147989;;
143926;;
143924;;
143927;;
142882;;
142910;1;
142889;0;
142932;;
140895;;
140886;;
146419;;
146502;;
143944;;
142975;1;
142974;;
140917;1;
148020;;
142927;;
142960;;
143407;;
146466;;
140904;;
140940;;
143946;;
140946;0;
140931;;
146440;;
146461;;
143396;;
143387;;
140964;;
140990;;
140952;;
140950;;
143392;;
146483;;
146480;;
147991;;
140997;;
140973;0;
141020;;
148024;;
148030;;
148027;;
148057;;
134996;0;
146522;;
142965;;
143417;;
146513;;
141018;;
148039;;
137182;1;
140977;;
142966;;
141041;;
141035;1;
142978;;
141029;;
141058;;
141090;;
103918;1;1
103713;1;1
146519;;
142983;;
137218;0;
141065;;
137239;1;
141057;;
141094;;
141102;0;
141079;;
141056;;
141083;;
141070;;
143042;;
141116;;
143439;;
141123;;
132394;0;
141147;0;
141131;;
141144;;
141145;;
141160;;
137257;1;
141154;;
142988;;
143426;1;
143427;1;
136798;1;
136610;1;
142998;0;
142989;;
143015;;
142997;0;
142990;;
112621;1;1
143488;;
142992;;
141161;;
141183;;
141187;;
141171;;
143024;;
148085;;
137206;1;
139101;;
143809;0;
139007;;
148041;;
148070;;
131573;1;1
117807;1;1
117590;1;1
139138;1;
127905;1;1
125134;1;1
143055;;
101132;1;1
134404;1;
143031;;
148071;;
148068;;
143461;;
142386;1;
146554;;
146591;;
146542;;
146703;;
146533;;
146558;;
146579;;
138970;;
146605;;
146555;;
137742;1;
146564;;
146567;;
146756;;
135103;1;
146602;;
137459;0;
144035;;
137683;1;
111196;1;1
130858;0;0
146619;;
136126;1;
136196;1;
136127;1;
146622;;
146617;;
143639;0;
146705;;
116625;1;1
137327;0;
143464;;
134315;1;
132985;1;
129880;1;1
146728;;
146747;;
146629;;
137673;1;
137871;1;
131810;1;1
137299;1;
137496;0;
109846;1;1
146664;;
137469;0;
137487;0;
137640;0;
143103;;
146676;;
143457;0;
143469;;
146674;;
146670;;
146683;;
137321;1;
143097;;
146754;;
143071;;
146654;;
143485;;
109733;1;1
109395;1;1
107738;1;1
107045;1;1
106159;1;1
103423;1;1
105896;1;1
105543;1;1
103080;1;1
103805;1;1
